rank,token,left_count,right_count,min_count,sum_count
1,you,240080,431577,240080,671657
2,i,236822,399327,236822,636149
3,and,183668,322890,183668,506558
4,to,160291,308443,160291,468734
5,a,156507,280655,156507,437162
6,my,107422,165837,107422,273259
7,in,84566,163340,84566,247906
8,of,77534,141720,77534,219254
9,love,70949,116381,70949,187330
10,that,69987,112610,69987,182597
11,it,61536,149476,61536,211012
12,on,58108,126439,58108,184547
13,be,54659,93614,54659,148273
14,i'm,51080,87959,51080,139039
15,for,50022,88873,50022,138895
16,all,49140,93427,49140,142567
17,so,44778,74713,44778,119491
18,but,43418,73587,43418,117005
19,don't,41737,80362,41737,122099
20,know,41487,73687,41487,115174
21,with,37861,65574,37861,103435
22,when,37098,60460,37098,97558
23,no,36695,70563,36695,107258
24,just,35980,69162,35980,105142
25,now,34766,54015,34766,88781
26,do,34006,65801,34006,99807
27,if,29156,47007,29156,76163
28,was,28429,51592,28429,80021
29,what,28088,52563,28088,80651
30,can,27544,55482,27544,83026
31,he,27418,44667,27418,72085
32,got,27230,58899,27230,86129
33,like,26444,52668,26444,79112
34,go,26217,42081,26217,68298
35,her,25976,37187,25976,63163
36,come,25678,43120,25678,68798
37,we,25561,65461,25561,91022
38,have,25108,41410,25108,66518
39,time,24262,48272,24262,72534
40,you're,23481,45547,23481,69028
41,see,23168,42128,23168,65296
42,this,23140,40334,23140,63474
43,will,22574,35509,22574,58083
44,down,22515,50478,22515,72993
45,up,21387,46729,21387,68116
46,they,21189,38793,21189,59982
47,never,21173,37279,21173,58452
48,are,20878,39369,20878,60247
49,say,19907,33950,19907,53857
50,out,19389,42133,19389,61522
51,can't,18812,35186,18812,53998
52,way,18697,37016,18697,55713
53,there,18421,32675,18421,51096
54,gonna,18349,32328,18349,50677
55,well,18203,29822,18203,48025
56,from,18138,32830,18138,50968
57,get,18064,48099,18064,66163
58,at,17844,31973,17844,49817
59,little,17794,23012,17794,40806
60,not,16935,29907,16935,46842
61,man,16556,32190,16556,48746
62,tell,16409,25383,16409,41792
63,how,16261,25813,16261,42074
64,i've,15991,29658,15991,45649
65,want,15679,30276,15679,45955
66,make,15313,32096,15313,47409
67,by,15233,25928,15233,41161
68,away,14985,28857,14985,43842
69,back,14634,28505,14634,43139
70,his,14615,26017,14615,40632
71,night,13986,27185,13986,41171
72,good,13868,27996,13868,41864
73,more,13769,24435,13769,38204
74,where,13660,23181,13660,36841
75,take,13588,30744,13588,44332
76,long,13340,22104,13340,35444
77,right,13124,25876,13124,39000
78,said,13108,22685,13108,35793
79,then,13028,19163,13028,32191
80,too,12760,22631,12760,35391
81,been,12742,27188,12742,39930
82,home,12587,20111,12587,32698
83,here,12518,23844,12518,36362
84,him,12175,17562,12175,29737
85,why,12024,17234,12024,29258
86,life,11163,26021,11163,37184
87,world,10814,18985,10814,29799
88,had,10740,19618,10740,30358
89,around,10689,19000,10689,29689
90,yes,10650,14882,10650,25532
91,only,10635,19718,10635,30353
92,there's,10532,20674,10532,31206
93,would,10503,16480,10503,26983
94,gone,10349,15183,10349,25532
95,every,10334,15869,10334,26203
96,won't,10207,17720,10207,27927
97,through,10177,19666,10177,29843
98,feel,10154,25271,10154,35425
99,about,10013,18729,10013,28742
100,need,10006,23083,10006,33089
101,who,9951,18455,9951,28406
102,some,9924,21163,9924,31087
103,find,9802,17266,9802,27068
104,again,9767,20172,9767,29939
105,mind,9514,17431,9514,26945
106,you'll,9459,12125,9459,21584
107,our,9191,17975,9191,27166
108,give,9188,20504,9188,29692
109,ever,8975,14425,8975,23400
110,were,8895,15616,8895,24511
111,over,8789,16369,8789,25158
112,eyes,8599,16054,8599,24653
113,hear,8308,12869,8308,21177
114,please,8191,10922,8191,19113
115,mine,8030,9430,8030,17460
116,cry,8006,8174,8006,16180
117,keep,7918,18760,7918,26678
118,true,7917,8487,7917,16404
119,things,7908,13792,7908,21700
120,still,7865,14548,7865,22413
121,always,7707,13549,7707,21256
122,sweet,7680,12700,7680,20380
123,an,7434,14968,7434,22402
124,much,7273,12797,7273,20070
125,he's,7223,12741,7223,19964
126,you've,7151,13539,7151,20690
127,them,7032,13587,7032,20619
128,people,6829,14890,6829,21719
129,alone,6740,10895,6740,17635
130,hold,6694,11204,6694,17898
131,before,6639,11676,6639,18315
132,wanna,6588,17262,6588,23850
133,has,6398,11389,6398,17787
134,thing,6326,11925,6326,18251
135,new,6256,11287,6256,17543
136,made,6190,11087,6190,17277
137,did,6187,10980,6187,17167
138,hand,6081,10113,6081,16194
139,am,5969,11613,5969,17582
140,stay,5944,10608,5944,16552
141,lonely,5942,8109,5942,14051
142,going,5935,12901,5935,18836
143,boy,5927,7910,5927,13837
144,two,5889,8529,5889,14418
145,lord,5834,12152,5834,17986
146,we're,5833,12971,5833,18804
147,us,5822,14699,5822,20521
148,better,5751,11792,5751,17543
149,may,5623,6878,5623,12501
150,last,5622,9223,5622,14845
151,live,5601,10995,5601,16596
152,call,5573,9325,5573,14898
153,woman,5571,11454,5571,17025
154,must,5532,9185,5532,14717
155,left,5525,9306,5525,14831
156,their,5355,10647,5355,16002
157,someone,5323,8318,5323,13641
158,big,5300,7478,5300,12778
159,dream,5259,7845,5259,13104
160,than,5255,9803,5255,15058
161,happy,5226,6470,5226,11696
162,town,5205,7091,5205,12296
163,while,5203,8764,5203,13967
164,gotta,5172,10900,5172,16072
165,wrong,5050,8952,5050,14002
166,should,5048,7787,5048,12835
167,once,5006,6663,5006,11669
168,without,4963,7879,4963,12842
169,believe,4915,10695,4915,15610
170,another,4911,10135,4911,15046
171,place,4847,9217,4847,14064
172,song,4719,11663,4719,16382
173,nothing,4684,10602,4684,15286
174,found,4667,7936,4667,12603
175,morning,4619,8908,4619,13527
176,didn't,4557,7504,4557,12061
177,because,4522,6437,4522,10959
178,head,4502,8659,4502,13161
179,into,4485,10323,4485,14808
180,free,4478,9888,4478,14366
181,face,4440,8941,4440,13381
182,stop,4425,9282,4425,13707
183,each,4379,6142,4379,10521
184,other,4374,7102,4374,11476
185,we'll,4364,7852,4364,12216
186,name,4285,7364,4285,11649
187,arms,4335,4276,4276,8611
188,hard,4271,9785,4271,14056
189,everything,4266,7895,4266,12161
190,many,4261,6870,4261,11131
191,round,4211,7299,4211,11510
192,put,4197,9124,4197,13321
193,something,4172,9239,4172,13411
194,tears,4138,4796,4138,8934
195,knew,4073,6695,4073,10768
196,remember,4029,6754,4029,10783
197,thought,3993,6868,3993,10861
198,darling,4791,3989,3989,8780
199,off,3986,8547,3986,12533
200,bad,3984,8021,3984,12005
201,even,3983,7227,3983,11210
202,kiss,5224,3952,3952,9176
203,play,3937,8934,3937,12871
204,tonight,3931,8764,3931,12695
205,pretty,3929,4782,3929,8711
206,dreams,3912,6099,3912,10011
207,rain,3908,7038,3908,10946
208,bring,3893,5961,3893,9854
209,own,3888,6877,3888,10765
210,used,3887,5991,3887,9878
211,dance,3867,10016,3867,13883
212,same,3833,7618,3833,11451
213,along,3812,6337,3812,10149
214,kind,3805,5878,3805,9683
215,honey,3797,6309,3797,10106
216,show,3789,9004,3789,12793
217,though,3783,5535,3783,9318
218,sure,3759,7527,3759,11286
219,stand,3757,7060,3757,10817
220,light,3743,10911,3743,14654
221,days,3736,6928,3736,10664
222,die,3735,5833,3735,9568
223,soul,3693,8494,3693,12187
224,comes,3687,6967,3687,10654
225,lost,3673,6789,3673,10462
226,together,3665,9824,3665,13489
227,goodbye,3660,4951,3660,8611
228,today,3587,6274,3587,9861
229,since,3572,4234,3572,7806
230,let's,3531,8001,3531,11532
231,these,3502,5491,3502,8993
232,fall,3500,6075,3500,9575
233,till,3500,5187,3500,8687
234,young,3473,5623,3473,9096
235,alright,3469,6841,3469,10310
236,fool,3466,5919,3466,9385
237,somebody,3439,5407,3439,8846
238,went,3430,5353,3430,8783
239,loving,3414,6009,3414,9423
240,smile,3405,6395,3405,9800
241,forget,3382,4086,3382,7468
242,far,3368,6664,3368,10032
243,start,3352,5518,3352,8870
244,side,3296,6084,3296,9380
245,nobody,3280,5460,3280,8740
246,soon,3269,5091,3269,8360
247,friend,3258,7880,3258,11138
248,fine,3258,5185,3258,8443
249,ya,3248,8015,3248,11263
250,mean,3247,5457,3247,8704
251,da,3218,6394,3218,9612
252,heard,3211,5615,3211,8826
253,feeling,3203,8634,3203,11837
254,myself,3193,6004,3193,9197
255,makes,3181,6085,3181,9266
256,times,3167,6984,3167,10151
257,they're,3164,6472,3164,9636
258,money,3149,6027,3149,9176
259,hurt,3138,3831,3138,6969
260,knows,3106,5664,3106,8770
261,everybody,3097,6457,3097,9554
262,took,3081,6038,3081,9119
263,loved,3074,4064,3074,7138
264,miss,3037,3506,3037,6543
265,inside,2978,7369,2978,10347
266,sad,2968,4487,2968,7455
267,might,2955,6176,2955,9131
268,cold,2947,5831,2947,8778
269,god,2945,6724,2945,9669
270,saw,2944,5136,2944,8080
271,lovin,2921,5195,2921,8116
272,first,2918,5219,2918,8137
273,words,2909,5372,2909,8281
274,moon,2888,4291,2888,7179
275,else,2874,4294,2874,7168
276,change,2841,6583,2841,9424
277,tomorrow,2825,4833,2825,7658
278,break,2821,4741,2821,7562
279,dear,3617,2815,2815,6432
280,maybe,2800,6105,2800,8905
281,whole,2770,4367,2770,7137
282,goin,2765,4182,2765,6947
283,friends,2763,5642,2763,8405
284,doo,2755,5994,2755,8749
285,listen,2750,5247,2750,7997
286,until,2727,4557,2727,7284
287,years,2719,5173,2719,7892
288,close,2718,4803,2718,7521
289,blues,2698,4426,2698,7124
290,such,2694,4887,2694,7581
291,best,2691,5690,2691,8381
292,wind,2687,4986,2687,7673
293,you'd,2667,4173,2667,6840
294,above,2640,3195,2640,5835
295,what's,2632,5314,2632,7946
296,street,2623,5131,2623,7754
297,ride,2613,5384,2613,7997
298,lose,2601,5287,2601,7888
299,ask,2591,3890,2591,6481
300,hands,2578,5445,2578,8023
301,behind,2574,5286,2574,7860
302,forever,2547,5012,2547,7559
303,coming,2545,6445,2545,8990
304,fly,2543,5407,2543,7950
305,guess,2505,3972,2505,6477
306,seen,2504,6202,2504,8706
307,waiting,2503,5383,2503,7886
308,work,2471,4378,2471,6849
309,music,2459,8545,2459,11004
310,shake,2455,4138,2455,6593
311,hair,2454,3269,2454,5723
312,fun,2450,3991,2450,6441
313,looking,2438,6268,2438,8706
314,child,2403,4419,2403,6822
315,watch,2396,4479,2396,6875
316,men,2396,4042,2396,6438
317,til,2395,3799,2395,6194
318,couldn't,2380,4133,2380,6513
319,upon,2379,4015,2379,6394
320,babe,2368,4237,2368,6605
321,gave,2349,4159,2349,6508
322,hope,2347,5017,2347,7364
323,deep,2340,4004,2340,6344
324,seems,2322,5394,2322,7716
325,em,2318,4114,2318,6432
326,easy,2313,6387,2313,8700
327,red,2313,3923,2313,6236
328,born,2307,4082,2307,6389
329,ba,2305,2393,2305,4698
330,fire,2300,6037,2300,8337
331,green,2296,2824,2296,5120
332,late,2290,4721,2290,7011
333,sit,2271,3495,2271,5766
334,line,2245,4866,2245,7111
335,stars,2242,3314,2242,5556
336,enough,2240,5787,2240,8027
337,river,2230,3609,2230,5839
338,city,2219,5099,2219,7318
339,bye,2213,2835,2213,5048
340,part,2205,3672,2205,5877
341,hide,2203,3766,2203,5969
342,ring,2175,2424,2175,4599
343,touch,2168,5107,2168,7275
344,white,2161,3991,2161,6152
345,children,2156,4292,2156,6448
346,lot,2148,4240,2148,6388
347,crying,2134,2872,2134,5006
348,wouldn't,2130,3101,2130,5231
349,train,2104,3524,2104,5628
350,loves,2089,2985,2089,5074
351,living,2081,5973,2081,8054
352,matter,2057,3570,2057,5627
353,tight,2054,2583,2054,4637
354,tried,2049,4125,2049,6174
355,yourself,2040,5263,2040,7303
356,mother,2040,3540,2040,5580
357,near,2037,2936,2037,4973
358,glad,2035,3016,2035,5051
359,great,2033,2796,2033,4829
360,open,2016,4368,2016,6384
361,move,2008,5718,2008,7726
362,bright,2005,3080,2005,5085
363,pain,2004,4802,2004,6806
364,met,1994,2600,1994,4594
365,its,1991,3713,1991,5704
366,sometimes,1984,5130,1984,7114
367,tree,1979,2167,1979,4146
368,roll,1978,7635,1978,9613
369,rock,1970,9354,1970,11324
370,water,1969,3806,1969,5775
371,lie,1964,3616,1964,5580
372,dead,1940,3928,1940,5868
373,bout,1940,3754,1940,5694
374,chance,1934,4102,1934,6036
375,crazy,1929,4837,1929,6766
376,walking,1910,3253,1910,5163
377,christmas,2400,1910,1910,4310
378,bit,1908,3348,1908,5256
379,warm,1891,3208,1891,5099
380,beautiful,1871,2802,1871,4673
381,low,1851,2851,1851,4702
382,set,1849,3815,1849,5664
383,seem,1842,3201,1842,5043
384,lips,2442,1832,1832,4274
385,we've,1823,4905,1823,6728
386,ground,1818,3601,1818,5419
387,summer,1798,2966,1798,4764
388,boys,1796,3142,1796,4938
389,daddy,1792,2940,1792,4732
390,wild,1790,3256,1790,5046
391,room,1787,3728,1787,5515
392,lady,1766,7622,1766,9388
393,comin,1759,2865,1759,4624
394,who's,1758,3043,1758,4801
395,next,1742,3140,1742,4882
396,called,1733,3036,1733,4769
397,bed,1729,3676,1729,5405
398,turned,1727,3167,1727,4894
399,lay,1724,4700,1724,6424
400,gold,1722,2673,1722,4395
401,buy,1719,2010,1719,3729
402,wine,1712,3095,1712,4807
403,nice,1705,3024,1705,4729
404,cried,1703,2049,1703,3752
405,four,1702,2521,1702,4223
406,broken,1698,2730,1698,4428
407,laugh,1692,2304,1692,3996
408,send,1673,2027,1673,3700
409,grow,1671,3220,1671,4891
410,word,1669,3139,1669,4808
411,use,1669,2913,1669,4582
412,running,1656,3898,1656,5554
413,yet,1629,2389,1629,4018
414,blow,1619,2704,1619,4323
415,treat,1619,2101,1619,3720
416,star,1618,3686,1618,5304
417,sunshine,1618,3679,1618,5297
418,joy,1613,2589,1613,4202
419,anymore,1610,2628,1610,4238
420,worry,1592,2470,1592,4062
421,full,1586,3022,1586,4608
422,trouble,1585,2627,1585,4212
423,tired,1579,2904,1579,4483
424,eye,1565,3039,1565,4604
425,most,1565,2392,1565,3957
426,apart,1564,1944,1564,3508
427,darlin,1562,1828,1562,3390
428,he'll,1559,2247,1559,3806
429,game,1547,3680,1547,5227
430,beat,1544,3365,1544,4909
431,past,1544,2994,1544,4538
432,doing,1542,3505,1542,5047
433,falling,1536,2927,1536,4463
434,lovely,1524,1665,1524,3189
435,mountain,1522,2394,1522,3916
436,shall,1521,2391,1521,3912
437,son,1517,3026,1517,4543
438,singing,1516,3416,1516,4932
439,lies,1514,3187,1514,4701
440,reason,1511,3360,1511,4871
441,wanted,1510,2742,1510,4252
442,air,1501,3437,1501,4938
443,share,1496,2918,1496,4414
444,somewhere,1488,2624,1488,4112
445,window,1478,2472,1478,3950
446,follow,1478,2451,1478,3929
447,yesterday,1477,2154,1477,3631
448,getting,1455,4179,1455,5634
449,hang,1455,2278,1455,3733
450,pray,1434,1758,1434,3192
451,across,1428,3035,1428,4463
452,needs,1428,2367,1428,3795
453,standing,1426,2961,1426,4387
454,fell,1424,2093,1424,3517
455,fight,1423,3471,1423,4894
456,sight,1421,2339,1421,3760
457,brother,1412,3453,1412,4865
458,being,1407,3264,1407,4671
459,both,1402,2606,1402,4008
460,yours,1391,2084,1391,3475
461,looks,1385,2524,1385,3909
462,rest,1382,2912,1382,4294
463,keeps,1382,2881,1382,4263
464,funny,1382,2230,1382,3612
465,peace,1380,3507,1380,4887
466,started,1374,2334,1374,3708
467,which,1371,2607,1371,3978
468,memories,1369,2020,1369,3389
469,sorry,1364,1983,1364,3347
470,isn't,1347,2175,1347,3522
471,known,1341,2331,1341,3672
472,ago,1340,2153,1340,3493
473,takes,1339,3160,1339,4499
474,dog,1337,1925,1337,3262
475,wake,1326,2603,1326,3929
476,hearts,1325,1830,1325,3155
477,bird,1323,1883,1323,3206
478,wants,1318,2655,1318,3973
479,snow,1318,1732,1318,3050
480,nothin,1316,2872,1316,4188
481,making,1312,3017,1312,4329
482,walkin,1307,1472,1307,2779
483,gets,1306,2793,1306,4099
484,feelin,1303,3159,1303,4462
485,lonesome,1611,1300,1300,2911
486,flowers,1300,1408,1300,2708
487,wife,1292,2050,1292,3342
488,shout,1284,1706,1284,2990
489,earth,1281,2793,1281,4074
490,mr,1279,2147,1279,3426
491,wonderful,1486,1272,1272,2758
492,lookin,1267,2648,1267,3915
493,mary,1267,1421,1267,2688
494,mornin,1266,1299,1266,2565
495,pass,1259,2478,1259,3737
496,empty,1255,2039,1255,3294
497,saying,1254,2063,1254,3317
498,hello,1250,2196,1250,3446
499,spring,1250,1356,1250,2606
500,bound,1245,1743,1245,2988
501,they'll,1243,2073,1243,3316
502,wasn't,1239,2264,1239,3503
503,floor,1236,2853,1236,4089
504,country,1228,3057,1228,4285
505,leaving,1225,2647,1225,3872
506,magic,1225,2424,1225,3649
507,under,1223,2594,1223,3817
508,ho,1219,2094,1219,3313
509,tear,1215,1715,1215,2930
510,everyone,1212,2736,1212,3948
511,silver,1212,2299,1212,3511
512,fair,1204,1558,1204,2762
513,love's,1200,1879,1200,3079
514,save,1195,3048,1195,4243
515,mighty,1195,1559,1195,2754
516,evening,1190,1861,1190,3051
517,somehow,1184,1804,1184,2988
518,woo,1182,2802,1182,3984
519,five,1181,2105,1181,3286
520,fast,1180,2769,1180,3949
521,cool,1177,2793,1177,3970
522,dawn,1174,1787,1174,2961
523,catch,1171,2287,1171,3458
524,wide,1167,1691,1167,2858
525,story,1166,2206,1166,3372
526,golden,1164,1739,1164,2903
527,sorrow,1164,1473,1164,2637
528,dee,1186,1162,1162,2348
529,almost,1159,2010,1159,3169
530,strange,1156,2217,1156,3373
531,longer,1156,1821,1156,2977
532,rose,1156,1561,1156,2717
533,ten,1152,1797,1152,2949
534,reach,1151,2506,1151,3657
535,hill,1148,1559,1148,2707
536,blind,1146,2648,1146,3794
537,spend,1146,2273,1146,3419
538,miles,1142,1852,1142,2994
539,brown,1134,1530,1134,2664
540,folks,1129,1702,1129,2831
541,shoes,1112,2207,1112,3319
542,talkin,1112,2040,1112,3152
543,hot,1109,4376,1109,5485
544,talking,1108,2786,1108,3894
545,died,1094,1834,1094,2928
546,telling,1091,1723,1091,2814
547,slow,1090,2955,1090,4045
548,between,1089,2493,1089,3582
549,answer,1088,2164,1088,3252
550,pick,1082,1662,1082,2744
551,thousand,1080,1664,1080,2744
552,leaves,1079,1522,1079,2601
553,tender,1079,1127,1079,2206
554,wall,1075,2473,1075,3548
555,felt,1075,2406,1075,3481
556,broke,1070,1484,1070,2554
557,sunday,1064,1602,1064,2666
558,ways,1063,2294,1063,3357
559,early,1059,1738,1059,2797
560,clear,1057,2309,1057,3366
561,trees,1052,1717,1052,2769
562,playing,1050,2655,1050,3705
563,carry,1050,2463,1050,3513
564,shame,1050,2007,1050,3057
565,minute,1047,1540,1047,2587
566,step,1033,2300,1033,3333
567,mad,1032,1589,1032,2621
568,shining,1030,1986,1030,3016
569,johnny,1030,1396,1030,2426
570,brought,1025,1930,1025,2955
571,wear,1024,1658,1024,2682
572,hit,1008,2806,1008,3814
573,father,1007,2128,1007,3135
574,hours,1005,1369,1005,2374
575,doin,999,2273,999,3272
576,held,998,1581,998,2579
577,jesus,996,4086,996,5082
578,cannot,996,1685,996,2681
579,death,994,1836,994,2830
580,few,994,1760,994,2754
581,lovers,994,1678,994,2672
582,lead,986,2103,986,3089
583,sugar,985,1573,985,2558
584,number,984,2117,984,3101
585,skies,984,1427,984,2411
586,meant,982,1476,982,2458
587,bells,1560,981,981,2541
588,filled,977,1491,977,2468
589,clothes,977,1459,977,2436
590,there'll,973,1230,973,2203
591,beside,971,1771,971,2742
592,women,969,2056,969,3025
593,blame,963,1899,963,2862
594,promise,963,1375,963,2338
595,return,960,1091,960,2051
596,birds,958,1260,958,2218
597,dancing,957,3447,957,4404
598,anyone,953,1419,953,2372
599,stood,953,1343,953,2296
600,calling,945,2166,945,3111
601,hurry,944,1222,944,2166
602,played,942,1834,942,2776
603,begin,940,1422,940,2362
604,outside,938,1967,938,2905
605,thee,978,938,938,1916
606,knees,937,1718,937,2655
607,small,937,1536,937,2473
608,here's,936,1331,936,2267
609,soft,935,1462,935,2397
610,quite,934,1767,934,2701
611,party,930,2689,930,3619
612,stone,929,2021,929,2950
613,fear,926,2290,926,3216
614,hundred,925,1167,925,2092
615,burning,924,2578,924,3502
616,war,922,2251,922,3173
617,troubles,922,978,922,1900
618,fill,921,1944,921,2865
619,winter,920,1506,920,2426
620,songs,917,2562,917,3479
621,he'd,917,1468,917,2385
622,letter,915,1503,915,2418
623,grass,915,968,915,1883
624,tall,914,1286,914,2200
625,john,912,1207,912,2119
626,eat,911,1680,911,2591
627,lives,910,2257,910,3167
628,wings,909,1590,909,2499
629,drive,905,1971,905,2876
630,lucky,897,1335,897,2232
631,runnin,895,1854,895,2749
632,dry,893,1562,893,2455
633,ball,892,1458,892,2350
634,top,891,2075,891,2966
635,bet,891,1319,891,2210
636,working,890,1675,890,2565
637,happen,890,1419,890,2309
638,sunny,890,927,890,1817
639,c'mon,889,1604,889,2493
640,lived,885,1389,885,2274
641,within,882,1717,882,2599
642,six,878,1442,878,2320
643,hoo,875,2584,875,3459
644,sign,875,1693,875,2568
645,changed,873,1725,873,2598
646,proud,872,1334,872,2206
647,worth,870,1514,870,2384
648,holding,867,1684,867,2551
649,school,866,1891,866,2757
650,straight,866,1847,866,2713
651,waitin,863,1089,863,1952
652,kids,862,1626,862,2488
653,rather,861,1614,861,2475
654,jump,854,1540,854,2394
655,haven't,852,1287,852,2139
656,news,845,1747,845,2592
657,roses,987,845,845,1832
658,happened,844,1405,844,2249
659,merry,928,844,844,1772
660,body,840,3947,840,4787
661,throw,840,1859,840,2699
662,sitting,836,1843,836,2679
663,picture,835,1248,835,2083
664,livin,830,2199,830,3029
665,midnight,829,2475,829,3304
666,kissed,1133,829,829,1962
667,yellow,817,993,817,1810
668,gettin,814,2073,814,2887
669,learned,812,1386,812,2198
670,gun,810,1977,810,2787
671,suddenly,809,930,809,1739
672,joe,806,947,806,1753
673,queen,803,2120,803,2923
674,oo,802,1629,802,2431
675,everybody's,801,1904,801,2705
676,rich,801,1126,801,1927
677,build,798,1262,798,2060
678,bear,795,1164,795,1959
679,romance,795,1003,795,1798
680,different,789,1929,789,2718
681,she'd,785,1137,785,1922
682,married,785,906,785,1691
683,realize,779,1251,779,2030
684,dum,848,775,775,1623
685,although,774,790,774,1564
686,hurts,772,1178,772,1950
687,power,769,2649,769,3418
688,cut,767,1698,767,2465
689,watching,765,1761,765,2526
690,boom,765,1053,765,1818
691,guitar,761,2096,761,2857
692,shot,760,1580,760,2340
693,laughing,758,1166,758,1924
694,doubt,755,1398,755,2153
695,nowhere,752,2055,752,2807
696,devil,749,1854,749,2603
697,brand,749,1760,749,2509
698,count,749,1133,749,1882
699,whenever,748,954,748,1702
700,second,747,1258,747,2005
701,papa,747,901,747,1648
702,burn,746,2199,746,2945
703,alive,743,2756,743,3499
704,knowing,739,1589,739,2328
705,whisper,737,891,737,1628
706,ran,736,1264,736,2000
707,cares,735,954,735,1689
708,winds,732,928,732,1660
709,dig,729,1337,729,2066
710,th,729,1069,729,1798
711,slowly,728,1419,728,2147
712,feels,727,2489,727,3216
713,began,726,1129,726,1855
714,higher,721,2323,721,3044
715,closer,717,1311,717,2028
716,none,717,1120,717,1837
717,baby's,717,905,717,1622
718,twenty,714,1164,714,1878
719,pa,1222,713,713,1935
720,shore,712,941,712,1653
721,kept,711,1375,711,2086
722,satisfied,711,1297,711,2008
723,mercy,711,1223,711,1934
724,loud,710,1459,710,2169
725,ol,708,1014,708,1722
726,bop,707,1410,707,2117
727,losing,707,1370,707,2077
728,nine,707,1247,707,1954
729,dying,706,1540,706,2246
730,chain,705,713,705,1418
731,shadows,703,1376,703,2079
732,pretend,703,908,703,1611
733,kill,702,1654,702,2356
734,crowd,700,1292,700,1992
735,rainbow,700,1233,700,1933
736,streets,696,1995,696,2691
737,man's,695,1392,695,2087
738,luck,687,1350,687,2037
739,tells,686,987,686,1673
740,angels,683,981,683,1664
741,laughter,682,1067,682,1749
742,hi,682,831,682,1513
743,rolling,679,1683,679,2362
744,track,678,1082,678,1760
745,gentle,678,970,678,1648
746,trust,674,1385,674,2059
747,stranger,673,1302,673,1975
748,breaking,673,1090,673,1763
749,seemed,673,1057,673,1730
750,wah,673,743,673,1416
751,fade,672,1442,672,2114
752,moving,670,2161,670,2831
753,ocean,670,1404,670,2074
754,special,669,1632,669,2301
755,candy,668,743,668,1411
756,moonlight,667,1121,667,1788
757,passing,662,1222,662,1884
758,grows,659,894,659,1553
759,somethin,658,1204,658,1862
760,bill,658,815,658,1473
761,having,656,1512,656,2168
762,welcome,655,1112,655,1767
763,bell,655,877,655,1532
764,tune,654,1424,654,2078
765,sin,654,1113,654,1767
766,breeze,654,1102,654,1756
767,mister,653,1114,653,1767
768,instead,652,1103,652,1755
769,sister,649,1661,649,2310
770,others,649,1172,649,1821
771,phone,648,1314,648,1962
772,sigh,762,648,648,1410
773,ship,642,1273,642,1915
774,everyday,640,1244,640,1884
775,valley,640,728,640,1368
776,horse,639,882,639,1521
777,monkey,638,668,638,1306
778,movin,637,1450,637,2087
779,book,637,1156,637,1793
780,family,634,1465,634,2099
781,darkness,633,1754,633,2387
782,thoughts,632,1465,632,2097
783,twice,632,1037,632,1669
784,beneath,631,1006,631,1637
785,bang,631,690,631,1321
786,cloud,630,882,630,1512
787,turning,628,1892,628,2520
788,softly,628,909,628,1537
789,hallelujah,625,902,625,1527
790,surely,624,1335,624,1959
791,drop,624,1214,624,1838
792,stick,624,1147,624,1771
793,wondering,621,972,621,1593
794,single,618,1033,618,1651
795,sir,618,800,618,1418
796,ones,615,1349,615,1964
797,dollar,615,1073,615,1688
798,job,612,1265,612,1877
799,taste,609,1335,609,1944
800,west,609,1293,609,1902
801,simple,608,1428,608,2036
802,life's,608,1245,608,1853
803,week,605,982,605,1587
804,wherever,605,710,605,1315
805,paradise,604,1208,604,1812
806,boat,604,722,604,1326
807,forgive,602,779,602,1381
808,ooo,597,1116,597,1713
809,lying,596,1449,596,2045
810,sail,594,1536,594,2130
811,steal,594,1068,594,1662
812,grey,594,954,594,1548
813,ma,593,1149,593,1742
814,daughter,593,878,593,1471
815,santa,605,590,590,1195
816,prayer,589,730,589,1319
817,anybody,587,1067,587,1654
818,hanging,586,1422,586,2008
819,doctor,585,1315,585,1900
820,goodnight,584,699,584,1283
821,foot,583,914,583,1497
822,weary,583,733,583,1316
823,walls,582,1035,582,1617
824,sang,580,1156,580,1736
825,climb,579,1083,579,1662
826,future,577,1712,577,2289
827,dime,576,807,576,1383
828,swing,575,713,575,1288
829,glow,575,709,575,1284
830,desire,574,1225,574,1799
831,anyway,572,1409,572,1981
832,cat,572,1269,572,1841
833,kinda,572,1176,572,1748
834,laid,572,1086,572,1658
835,flame,572,913,572,1485
836,church,571,685,571,1256
837,taken,568,1334,568,1902
838,garden,567,850,567,1417
839,starts,566,1186,566,1752
840,wise,566,937,566,1503
841,beg,566,735,566,1301
842,giving,565,1744,565,2309
843,ease,565,1095,565,1660
844,eight,565,892,565,1457
845,gray,565,624,565,1189
846,wheel,564,1165,564,1729
847,bought,563,935,563,1498
848,plain,563,882,563,1445
849,hills,563,850,563,1413
850,clown,563,666,563,1229
851,whatever,562,1543,562,2105
852,walks,562,665,562,1227
853,lee,828,559,559,1387
854,tie,559,673,559,1232
855,style,557,1236,557,1793
856,rollin,556,1452,556,2008
857,places,554,1276,554,1830
858,quiet,554,843,554,1397
859,singin,553,1196,553,1749
860,weather,553,962,553,1515
861,prove,553,789,553,1342
862,heavy,550,1552,550,2102
863,pull,549,1495,549,2044
864,searching,548,1199,548,1747
865,ought,548,910,548,1458
866,waited,548,682,548,1230
867,sat,546,924,546,1470
868,monday,545,709,545,1254
869,holy,544,1343,544,1887
870,mess,544,1228,544,1772
871,whistle,551,544,544,1095
872,sent,541,963,541,1504
873,ow,540,1237,540,1777
874,glass,540,1129,540,1669
875,they've,539,1346,539,1885
876,recall,539,694,539,1233
877,heartache,538,584,538,1122
878,join,536,1117,536,1653
879,vain,536,608,536,1144
880,nose,535,772,535,1307
881,color,535,592,535,1127
882,stopped,534,986,534,1520
883,guys,534,699,534,1233
884,pity,533,698,533,1231
885,spent,532,1200,532,1732
886,south,531,1046,531,1577
887,mountains,531,1013,531,1544
888,gay,568,531,531,1099
889,beauty,526,1063,526,1589
890,fields,526,720,526,1246
891,built,525,752,525,1277
892,gives,524,1064,524,1588
893,weak,524,915,524,1439
894,faces,523,1500,523,2023
895,instrumental,650,523,523,1173
896,hung,520,831,520,1351
897,bless,517,903,517,1420
898,promised,517,837,517,1354
899,scene,516,1122,516,1638
900,shadow,516,1049,516,1565
901,grave,516,656,516,1172
902,whose,515,752,515,1267
903,flying,514,1579,514,2093
904,highway,514,1501,514,2015
905,evil,513,1278,513,1791
906,race,513,1275,513,1788
907,silly,513,735,513,1248
908,diamond,513,712,513,1225
909,fever,512,1303,512,1815
910,against,511,1625,511,2136
911,cup,511,887,511,1398
912,key,510,1318,510,1828
913,later,510,1036,510,1546
914,sweeter,510,684,510,1194
915,billy,507,916,507,1423
916,short,505,1051,505,1556
917,dust,505,1019,505,1524
918,wee,504,569,504,1073
919,hoping,503,904,503,1407
920,heart's,570,503,503,1073
921,sick,501,1037,501,1538
922,sayin,501,840,501,1341
923,cries,501,730,501,1231
924,fancy,500,823,500,1323
925,ding,500,499,499,999
926,paper,498,882,498,1380
927,clock,498,730,498,1228
928,bottle,497,1010,497,1507
929,less,497,940,497,1437
930,captain,497,621,497,1118
931,brain,496,1352,496,1848
932,it'll,495,1256,495,1751
933,spell,495,916,495,1411
934,marry,705,490,490,1195
935,dreamed,490,689,490,1179
936,certain,489,602,489,1091
937,di,488,1709,488,2197
938,swear,487,1082,487,1569
939,faith,487,1026,487,1513
940,worried,487,509,487,996
941,teach,485,915,485,1400
942,shoulder,483,783,483,1266
943,hangin,482,797,482,1279
944,business,480,986,480,1466
945,dressed,480,788,480,1268
946,mile,480,731,480,1211
947,become,478,1017,478,1495
948,trip,477,780,477,1257
949,park,477,749,477,1226
950,saturday,476,1483,476,1959
951,load,476,908,476,1384
952,table,476,856,476,1332
953,guide,474,828,474,1302
954,eyed,474,758,474,1232
955,ear,473,859,473,1332
956,below,472,1012,472,1484
957,woke,472,844,472,1316
958,taught,469,916,469,1385
959,coffee,469,705,469,1174
960,calls,468,770,468,1238
961,roam,551,467,467,1018
962,hungry,465,1202,465,1667
963,san,465,546,465,1011
964,california,464,1069,464,1533
965,sings,464,788,464,1252
966,fish,464,782,464,1246
967,thinks,464,750,464,1214
968,forgotten,462,693,462,1155
969,skin,460,1156,460,1616
970,fate,460,887,460,1347
971,bay,460,757,460,1217
972,cotton,460,511,460,971
973,gimme,458,2215,458,2673
974,bow,456,733,456,1189
975,bar,455,1160,455,1615
976,ears,455,805,455,1260
977,lied,455,559,455,1014
978,plan,453,1090,453,1543
979,driving,451,994,451,1445
980,tennessee,451,718,451,1169
981,shines,450,1021,450,1471
982,silent,450,813,450,1263
983,stands,450,734,450,1184
984,law,448,895,448,1343
985,riding,447,1115,447,1562
986,already,446,906,446,1352
987,wedding,669,446,446,1115
988,falls,445,718,445,1163
989,boss,445,487,445,932
990,telephone,444,902,444,1346
991,silence,444,812,444,1256
992,bend,444,800,444,1244
993,brave,444,568,444,1012
994,judge,443,745,443,1188
995,ice,442,980,442,1422
996,they'd,442,805,442,1247
997,re,441,681,441,1122
998,rockin,440,1207,440,1647
999,mouth,440,1116,440,1556
1000,quit,439,841,439,1280
1001,tea,439,677,439,1116
1002,company,438,816,438,1254
1003,awake,436,647,436,1083
1004,york,435,1419,435,1854
1005,pieces,435,766,435,1201
1006,forty,435,604,435,1039
1007,seeing,434,817,434,1251
1008,hardly,434,722,434,1156
1009,among,434,641,434,1075
1010,stronger,433,878,433,1311
1011,touched,433,806,433,1239
1012,chair,433,678,433,1111
1013,melody,432,970,432,1402
1014,georgia,432,662,432,1094
1015,jail,432,625,432,1057
1016,beginning,430,893,430,1323
1017,plenty,430,471,430,901
1018,age,429,982,429,1411
1019,heartaches,738,429,429,1167
1020,begins,428,719,428,1147
1021,sweetheart,579,428,428,1007
1022,cha,428,542,428,970
1023,slip,427,1029,427,1456
1024,whiskey,427,804,427,1231
1025,bread,426,910,426,1336
1026,sadness,426,704,426,1130
1027,smiles,424,859,424,1283
1028,lifetime,424,748,424,1172
1029,wo,424,717,424,1141
1030,control,423,1648,423,2071
1031,act,423,837,423,1260
1032,runs,423,675,423,1098
1033,pack,422,875,422,1297
1034,breaks,422,560,422,982
1035,y'all,421,1574,421,1995
1036,often,421,779,421,1200
1037,bother,419,598,419,1017
1038,busy,419,588,419,1007
1039,flow,418,1145,418,1563
1040,case,417,863,417,1280
1041,watched,415,756,415,1171
1042,date,415,418,415,833
1043,where's,414,517,414,931
1044,ev'ry,499,413,413,912
1045,hall,411,889,411,1300
1046,least,411,822,411,1233
1047,groove,410,1496,410,1906
1048,twist,972,410,410,1382
1049,bridge,410,893,410,1303
1050,thy,410,658,410,1068
1051,daddy's,410,597,410,1007
1052,row,409,816,409,1225
1053,string,409,506,409,915
1054,brothers,408,1181,408,1589
1055,double,407,843,407,1250
1056,asking,407,842,407,1249
1057,jane,407,592,407,999
1058,waste,406,1030,406,1436
1059,ole,406,558,406,964
1060,fallin,405,988,405,1393
1061,affair,405,766,405,1171
1062,wander,451,405,405,856
1063,okay,403,1050,403,1453
1064,stare,403,722,403,1125
1065,wow,403,720,403,1123
1066,grew,403,705,403,1108
1067,playin,399,1003,399,1402
1068,blows,399,703,399,1102
1069,price,398,1118,398,1516
1070,pillow,398,509,398,907
1071,who'll,398,450,398,848
1072,shade,397,511,397,908
1073,kissing,397,435,397,832
1074,missed,394,684,394,1078
1075,alley,393,507,393,900
1076,surprise,392,910,392,1302
1077,world's,392,690,392,1082
1078,mistake,392,616,392,1008
1079,drinking,389,892,389,1281
1080,fools,389,892,389,1281
1081,standin,388,651,388,1039
1082,happens,388,569,388,957
1083,blowin,388,492,388,880
1084,plans,387,807,387,1194
1085,tied,387,596,387,983
1086,killed,387,564,387,951
1087,greatest,387,540,387,927
1088,regret,387,442,387,829
1089,don,387,403,387,790
1090,insane,385,1011,385,1396
1091,human,385,1008,385,1393
1092,wore,385,470,385,855
1093,hurting,393,385,385,778
1094,island,384,782,384,1166
1095,older,382,871,382,1253
1096,groovy,470,382,382,852
1097,state,381,742,381,1123
1098,waters,381,661,381,1042
1099,sees,381,623,381,1004
1100,farewell,380,457,380,837
1101,rings,379,628,379,1007
1102,apple,378,526,378,904
1103,ends,376,826,376,1202
1104,sweetest,376,464,376,840
1105,sense,375,974,375,1349
1106,tide,374,701,374,1075
1107,threw,374,610,374,984
1108,spin,374,595,374,969
1109,danced,374,522,374,896
1110,space,373,1700,373,2073
1111,havin,373,460,373,833
1112,course,372,765,372,1137
1113,holds,372,535,372,907
1114,shed,372,444,372,816
1115,chains,370,781,370,1151
1116,sha,370,578,370,948
1117,stream,370,535,370,905
1118,paid,369,826,369,1195
1119,remind,369,425,369,794
1120,stayed,368,757,368,1125
1121,grand,368,574,368,942
1122,wave,367,801,367,1168
1123,view,367,785,367,1152
1124,east,367,730,367,1097
1125,paint,367,626,367,993
1126,wood,367,623,367,990
1127,perhaps,367,401,367,768
1128,wanting,366,616,366,982
1129,knee,366,574,366,940
1130,shy,365,579,365,944
1131,beach,365,516,365,881
1132,square,365,403,365,768
1133,station,364,804,364,1168
1134,bobby,364,652,364,1016
1135,fit,363,936,363,1299
1136,belongs,363,449,363,812
1137,uncle,362,576,362,938
1138,difference,362,545,362,907
1139,chicken,362,538,362,900
1140,missing,361,817,361,1178
1141,tough,361,700,361,1061
1142,diamonds,361,492,361,853
1143,grab,360,587,360,947
1144,cast,359,733,359,1092
1145,nearly,359,684,359,1043
1146,orleans,359,533,359,892
1147,sung,358,643,358,1001
1148,quick,356,729,356,1085
1149,christ,355,713,355,1068
1150,hammer,355,373,355,728
1151,toy,361,355,355,716
1152,fighting,354,965,354,1319
1153,bitter,354,551,354,905
1154,mirror,353,988,353,1341
1155,kick,352,878,352,1230
1156,nobody's,352,720,352,1072
1157,downtown,352,611,352,963
1158,wearing,351,546,351,897
1159,buddy,351,448,351,799
1160,bone,350,888,350,1238
1161,forgot,350,491,350,841
1162,safe,349,877,349,1226
1163,beer,349,819,349,1168
1164,jones,349,561,349,910
1165,st,349,486,349,835
1166,divine,349,356,349,705
1167,fame,348,806,348,1154
1168,wash,347,731,347,1078
1169,summertime,347,404,347,751
1170,comfort,346,701,346,1047
1171,bag,346,596,346,942
1172,coal,346,410,346,756
1173,fact,345,847,345,1192
1174,afternoon,345,703,345,1048
1175,supposed,345,611,345,956
1176,dreamin,345,571,345,916
1177,settle,345,559,345,904
1178,tail,367,345,345,712
1179,bottom,344,783,344,1127
1180,bee,344,517,344,861
1181,awful,344,456,344,800
1182,flat,344,444,344,788
1183,letters,344,404,344,748
1184,sam,356,344,344,700
1185,agree,343,484,343,827
1186,stole,342,633,342,975
1187,painted,342,507,342,849
1188,pulled,341,699,341,1040
1189,machine,340,1285,340,1625
1190,spread,340,917,340,1257
1191,lazy,340,819,340,1159
1192,spoke,339,601,339,940
1193,fears,338,627,338,965
1194,person,338,560,338,898
1195,likes,337,663,337,1000
1196,bom,337,420,337,757
1197,fellow,347,337,337,684
1198,bones,336,838,336,1174
1199,note,336,510,336,846
1200,doll,394,336,336,730
1201,cover,334,699,334,1033
1202,worse,334,568,334,902
1203,damn,333,1309,333,1642
1204,gee,462,333,333,795
1205,fa,358,333,333,691
1206,gather,332,560,332,892
1207,pie,332,559,332,891
1208,favorite,331,446,331,777
1209,lock,330,597,330,927
1210,hopes,330,567,330,897
1211,dove,329,376,329,705
1212,pocket,328,649,328,977
1213,ashamed,328,485,328,813
1214,jealous,328,359,328,687
1215,desert,327,689,327,1016
1216,callin,327,592,327,919
1217,maria,467,327,327,794
1218,gypsy,326,689,326,1015
1219,named,326,558,326,884
1220,verse,326,459,326,785
1221,meaning,325,764,325,1089
1222,legs,325,692,325,1017
1223,planned,325,535,325,860
1224,horn,324,415,324,739
1225,cheek,324,357,324,681
1226,names,323,542,323,865
1227,perfect,321,1010,321,1331
1228,pleasure,321,745,321,1066
1229,cruel,321,635,321,956
1230,nor,321,559,321,880
1231,advice,321,432,321,753
1232,penny,320,339,320,659
1233,thunder,319,989,319,1308
1234,soldier,319,682,319,1001
1235,drum,319,392,319,711
1236,saved,318,1005,318,1323
1237,rode,318,531,318,849
1238,longing,318,357,318,675
1239,wears,318,326,318,644
1240,blowing,317,750,317,1067
1241,himself,317,643,317,960
1242,prison,317,535,317,852
1243,cheer,335,317,317,652
1244,coat,316,545,316,861
1245,ticket,315,685,315,1000
1246,speed,315,648,315,963
1247,promises,315,570,315,885
1248,ended,315,350,315,665
1249,remain,314,521,314,835
1250,boo,313,385,313,698
1251,bringing,312,598,312,910
1252,whether,312,591,312,903
1253,minutes,311,434,311,745
1254,scream,310,912,310,1222
1255,rough,310,824,310,1134
1256,stuck,310,721,310,1031
1257,rainy,308,713,308,1021
1258,awhile,308,679,308,987
1259,gate,308,565,308,873
1260,rush,308,400,308,708
1261,sell,307,794,307,1101
1262,thanks,307,636,307,943
1263,spinning,307,629,307,936
1264,except,306,545,306,851
1265,takin,305,909,305,1214
1266,message,305,828,305,1133
1267,bus,305,764,305,1069
1268,field,305,480,305,785
1269,bride,379,305,305,684
1270,aren't,304,495,304,799
1271,aside,304,457,304,761
1272,chase,303,598,303,901
1273,lotta,303,576,303,879
1274,heavenly,303,566,303,869
1275,ours,302,442,302,744
1276,feelings,301,1622,301,1923
1277,natural,301,862,301,1163
1278,hip,301,735,301,1036
1279,strangers,301,710,301,1011
1280,embrace,357,300,300,657
1281,food,299,769,299,1068
1282,mexico,299,504,299,803
1283,farm,299,483,299,782
1284,colors,299,482,299,781
1285,fellas,299,368,299,667
1286,broadway,327,299,299,626
1287,strength,298,793,298,1091
1288,waves,298,728,298,1026
1289,simply,298,508,298,806
1290,hearted,298,436,298,734
1291,locked,297,703,297,1000
1292,plane,297,688,297,985
1293,worked,297,595,297,892
1294,thou,336,297,297,633
1295,lift,296,663,296,959
1296,begging,296,452,296,748
1297,chicago,296,405,296,701
1298,ridin,295,754,295,1049
1299,drunk,295,728,295,1023
1300,thirty,295,551,295,846
1301,unkind,295,361,295,656
1302,question,294,702,294,996
1303,steel,294,651,294,945
1304,tiny,294,425,294,719
1305,mrs,294,304,294,598
1306,battle,293,547,293,840
1307,shoo,293,469,293,762
1308,lines,292,1000,292,1292
1309,voices,292,724,292,1016
1310,jingle,605,292,292,897
1311,seek,292,573,292,865
1312,box,291,587,291,878
1313,preacher,291,582,291,873
1314,imagine,291,511,291,802
1315,command,291,402,291,693
1316,doggone,291,364,291,655
1317,jimmy,290,608,290,898
1318,complete,290,468,290,758
1319,minds,289,824,289,1113
1320,heads,289,805,289,1094
1321,pair,289,416,289,705
1322,also,288,415,288,703
1323,reality,287,660,287,947
1324,bite,287,636,287,923
1325,picked,287,550,287,837
1326,slave,287,486,287,773
1327,mississippi,286,495,286,781
1328,ta,286,490,286,776
1329,became,286,483,286,769
1330,toes,286,459,286,745
1331,memphis,286,355,286,641
1332,purple,308,286,286,594
1333,hurtin,387,285,285,672
1334,dare,284,591,284,875
1335,board,284,392,284,676
1336,corn,284,351,284,635
1337,cherry,284,343,284,627
1338,rising,283,856,283,1139
1339,smell,283,792,283,1075
1340,god's,283,765,283,1048
1341,master,283,716,283,999
1342,endless,283,547,283,830
1343,friday,281,684,281,965
1344,asleep,281,600,281,881
1345,um,358,281,281,639
1346,push,280,1008,280,1288
1347,plays,280,802,280,1082
1348,feed,280,750,280,1030
1349,scared,279,766,279,1045
1350,torn,278,546,278,824
1351,eternity,278,419,278,697
1352,rider,278,410,278,688
1353,trail,278,385,278,663
1354,that'll,277,412,277,689
1355,indian,277,385,277,662
1356,somebody's,276,735,276,1011
1357,raised,276,674,276,950
1358,someone's,276,630,276,906
1359,happening,276,582,276,858
1360,twelve,276,375,276,651
1361,hiding,275,697,275,972
1362,woman's,275,591,275,866
1363,warning,275,558,275,833
1364,charms,446,275,275,721
1365,lane,275,391,275,666
1366,tom,275,377,275,652
1367,satisfy,274,632,274,906
1368,danger,274,594,274,868
1369,gon,274,549,274,823
1370,marching,274,354,274,628
1371,radio,273,1493,273,1766
1372,decide,273,514,273,787
1373,windows,273,511,273,784
1374,moments,273,477,273,750
1375,army,273,408,273,681
1376,sue,273,370,273,643
1377,paris,301,273,273,574
1378,funky,272,2557,272,2829
1379,heat,272,1248,272,1520
1380,breathe,272,560,272,832
1381,adore,543,272,272,815
1382,art,272,464,272,736
1383,deeper,271,599,271,870
1384,exactly,271,495,271,766
1385,kissin,309,271,271,580
1386,joke,270,483,270,753
1387,cared,270,357,270,627
1388,rum,270,296,270,566
1389,faithful,277,270,270,547
1390,mi,269,1238,269,1507
1391,hop,269,512,269,781
1392,fought,269,411,269,680
1393,ruby,269,381,269,650
1394,o'er,323,269,269,592
1395,sock,269,276,269,545
1396,sailing,268,717,268,985
1397,boots,268,526,268,794
1398,underneath,268,513,268,781
1399,showed,267,661,267,928
1400,ending,267,613,267,880
1401,milk,266,436,266,702
1402,weeping,266,383,266,649
1403,wa,266,329,266,595
1404,pink,266,315,266,581
1405,waits,265,510,265,775
1406,truck,265,488,265,753
1407,mama's,265,467,265,732
1408,mom,265,450,265,715
1409,keeping,264,783,264,1047
1410,horses,264,488,264,752
1411,jumped,264,407,264,671
1412,county,264,375,264,639
1413,cling,341,264,264,605
1414,hug,311,264,264,575
1415,tenderness,264,288,264,552
1416,movie,263,706,263,969
1417,journey,262,511,262,773
1418,appear,262,322,262,584
1419,drivin,261,585,261,846
1420,lyin,261,515,261,776
1421,path,261,482,261,743
1422,treasure,261,328,261,589
1423,june,261,289,261,550
1424,cars,260,716,260,976
1425,opened,260,676,260,936
1426,guns,260,570,260,830
1427,shared,260,514,260,774
1428,raining,260,463,260,723
1429,faded,260,441,260,701
1430,cowboy,259,761,259,1020
1431,friendly,259,431,259,690
1432,bare,259,423,259,682
1433,rules,258,841,258,1099
1434,grace,258,683,258,941
1435,mood,258,492,258,750
1436,stormy,258,429,258,687
1437,iron,258,415,258,673
1438,drums,258,355,258,613
1439,bah,258,276,258,534
1440,fix,257,519,257,776
1441,fail,257,474,257,731
1442,rainbows,257,365,257,622
1443,honest,257,339,257,596
1444,drown,256,458,256,714
1445,tale,256,441,256,697
1446,misty,256,369,256,625
1447,written,255,643,255,898
1448,holiday,255,515,255,770
1449,tenderly,344,255,255,599
1450,summer's,255,286,255,541
1451,passes,255,278,255,533
1452,claus,355,254,254,609
1453,circle,253,588,253,841
1454,led,253,517,253,770
1455,flyin,253,461,253,714
1456,crown,253,455,253,708
1457,rolled,253,410,253,663
1458,jim,253,346,253,599
1459,raindrops,257,253,253,510
1460,suit,252,572,252,824
1461,youth,252,566,252,818
1462,sunset,252,475,252,727
1463,shoe,252,386,252,638
1464,followed,252,352,252,604
1465,offer,251,478,251,729
1466,untrue,428,251,251,679
1467,li,411,251,251,662
1468,rhyme,250,805,250,1055
1469,headed,250,667,250,917
1470,tongue,250,560,250,810
1471,sits,250,407,250,657
1472,month,250,337,250,587
1473,handsome,324,250,250,574
1474,mist,250,306,250,556
1475,burns,249,385,249,634
1476,wheels,248,847,248,1095
1477,mellow,248,611,248,859
1478,jungle,248,603,248,851
1479,dyin,248,470,248,718
1480,books,248,430,248,678
1481,pictures,247,557,247,804
1482,roads,247,513,247,760
1483,pale,247,428,247,675
1484,completely,247,318,247,565
1485,linger,247,312,247,559
1486,honky,246,616,246,862
1487,dumb,246,486,246,732
1488,shiny,246,274,246,520
1489,roar,246,256,246,502
1490,beware,245,668,245,913
1491,closed,245,616,245,861
1492,lately,245,514,245,759
1493,block,245,392,245,637
1494,neath,259,245,245,504
1495,april,245,255,245,500
1496,london,244,448,244,692
1497,hum,244,348,244,592
1498,bold,244,328,244,572
1499,doors,243,675,243,918
1500,holdin,243,525,243,768
1501,shirt,243,411,243,654
1502,motion,242,616,242,858
1503,covered,242,440,242,682
1504,pop,241,567,241,808
1505,spare,241,383,241,624
1506,floating,240,431,240,671
1507,admit,240,392,240,632
1508,fare,382,240,240,622
1509,gang,240,381,240,621
1510,sleepy,240,347,240,587
1511,eve,256,240,240,496
1512,fallen,239,537,239,776
1513,velvet,239,285,239,524
1514,thin,238,610,238,848
1515,seas,238,446,238,684
1516,shook,238,417,238,655
1517,lordy,264,238,238,502
1518,soldiers,237,374,237,611
1519,spot,236,479,236,715
1520,unless,236,430,236,666
1521,lover's,236,333,236,569
1522,drops,239,236,236,475
1523,acting,235,446,235,681
1524,ling,313,235,235,548
1525,fault,235,307,235,542
1526,tore,235,297,235,532
1527,resist,235,267,235,502
1528,drinkin,234,550,234,784
1529,draw,234,452,234,686
1530,charm,234,308,234,542
1531,something's,233,632,233,865
1532,dirt,233,486,233,719
1533,cream,233,426,233,659
1534,parade,233,277,233,510
1535,lad,273,233,233,506
1536,pardon,233,262,233,495
1537,swinging,257,233,233,490
1538,lamb,233,239,233,472
1539,gas,232,565,232,797
1540,frown,232,471,232,703
1541,destiny,232,412,232,644
1542,toys,232,334,232,566
1543,ninety,232,280,232,512
1544,girl's,232,254,232,486
1545,wished,232,238,232,470
1546,yay,232,235,232,467
1547,praise,231,881,231,1112
1548,knocking,231,414,231,645
1549,shakin,230,467,230,697
1550,nothing's,230,451,230,681
1551,fading,230,445,230,675
1552,writing,230,417,230,647
1553,watchin,230,380,230,610
1554,september,296,230,230,526
1555,steps,229,386,229,615
1556,lightning,228,720,228,948
1557,class,228,577,228,805
1558,teeth,228,487,228,715
1559,quickly,228,415,228,643
1560,mommy,228,313,228,541
1561,shop,228,304,228,532
1562,caress,283,228,228,511
1563,boogie,227,3212,227,3439
1564,disappear,227,494,227,721
1565,cheat,227,316,227,543
1566,upside,226,461,226,687
1567,delight,226,459,226,685
1568,leads,226,451,226,677
1569,dollars,226,400,226,626
1570,laughin,226,290,226,516
1571,enjoy,225,531,225,756
1572,lets,225,514,225,739
1573,counting,225,376,225,601
1574,size,225,366,225,591
1575,saint,225,305,225,530
1576,clay,225,248,225,473
1577,vine,225,247,225,472
1578,sake,224,481,224,705
1579,roof,224,424,224,648
1580,fills,224,414,224,638
1581,closing,223,412,223,635
1582,probably,223,398,223,621
1583,spanish,223,324,223,547
1584,travelin,223,295,223,518
1585,discover,223,292,223,515
1586,ramblin,259,223,223,482
1587,caused,223,241,223,464
1588,blew,222,599,222,821
1589,wrap,222,327,222,549
1590,whispered,222,272,222,494
1591,du,221,658,221,879
1592,cadillac,221,412,221,633
1593,wandering,221,292,221,513
1594,check,220,1156,220,1376
1595,lean,220,628,220,848
1596,seat,220,600,220,820
1597,loser,220,502,220,722
1598,building,220,498,220,718
1599,history,220,477,220,697
1600,crossed,219,517,219,736
1601,holler,219,389,219,608
1602,cost,218,588,218,806
1603,confusion,218,579,218,797
1604,dogs,218,578,218,796
1605,stoned,218,486,218,704
1606,lou,218,330,218,548
1607,jerk,270,218,218,488
1608,wasted,217,600,217,817
1609,unto,217,407,217,624
1610,learning,216,587,216,803
1611,breakin,216,457,216,673
1612,surrender,216,424,216,640
1613,lucy,216,311,216,527
1614,chick,216,260,216,476
1615,kitchen,215,404,215,619
1616,lesson,215,311,215,526
1617,flowing,214,631,214,845
1618,listening,214,587,214,801
1619,disguise,214,506,214,720
1620,pour,214,318,214,532
1621,cute,214,256,214,470
1622,crime,213,798,213,1011
1623,ghost,213,543,213,756
1624,choo,213,404,213,617
1625,warmth,213,390,213,603
1626,castle,213,306,213,519
1627,bein,212,534,212,746
1628,wing,212,395,212,607
1629,ashes,212,383,212,595
1630,stepped,212,355,212,567
1631,ugly,212,354,212,566
1632,sailor,211,421,211,632
1633,stairs,211,405,211,616
1634,hee,211,285,211,496
1635,amen,211,250,211,461
1636,evenin,221,211,211,432
1637,flew,210,497,210,707
1638,forest,210,494,210,704
1639,marie,210,335,210,545
1640,trains,210,289,210,499
1641,carried,209,415,209,624
1642,quarter,209,411,209,620
1643,matters,209,339,209,548
1644,finds,208,417,208,625
1645,hound,208,304,208,512
1646,whoo,207,1051,207,1258
1647,stories,207,581,207,788
1648,weren't,207,553,207,760
1649,calm,207,445,207,652
1650,husband,207,277,207,484
1651,hay,207,253,207,460
1652,sisters,206,646,206,852
1653,pot,206,415,206,621
1654,peaceful,206,371,206,577
1655,sleigh,339,206,206,545
1656,flag,206,311,206,517
1657,either,205,391,205,596
1658,worst,205,378,205,583
1659,cheating,205,239,205,444
1660,reasons,204,655,204,859
1661,kingdom,204,543,204,747
1662,rocky,204,419,204,623
1663,trace,204,386,204,590
1664,leg,204,350,204,554
1665,worries,204,268,204,472
1666,twinkle,216,204,204,420
1667,flight,203,655,203,858
1668,stones,203,450,203,653
1669,shape,203,413,203,616
1670,crystal,203,396,203,599
1671,mud,203,359,203,562
1672,tease,203,346,203,549
1673,biggest,203,306,203,509
1674,stage,202,660,202,862
1675,coast,202,435,202,637
1676,following,202,323,202,525
1677,gloom,202,246,202,448
1678,woe,202,225,202,427
1679,fella,223,202,202,425
1680,seasons,201,519,201,720
1681,couple,201,486,201,687
1682,lend,201,464,201,665
1683,respect,201,427,201,628
1684,birth,201,395,201,596
1685,careful,201,374,201,575
1686,sort,201,312,201,513
1687,tuesday,201,271,201,472
1688,december,204,201,201,405
1689,deal,200,986,200,1186
1690,flows,200,335,200,535
1691,rent,200,335,200,535
1692,colour,200,274,200,474
1693,tv,199,794,199,993
1694,gift,199,422,199,621
1695,younger,199,421,199,620
1696,tracks,199,393,199,592
1697,footsteps,199,317,199,516
1698,add,199,297,199,496
1699,ra,220,199,199,419
1700,candle,198,508,198,706
1701,ann,289,198,198,487
1702,spoon,198,281,198,479
1703,gladly,198,227,198,425
1704,thrills,199,198,198,397
1705,choice,197,657,197,854
1706,noise,197,528,197,725
1707,chances,197,446,197,643
1708,shelter,197,428,197,625
1709,buried,197,352,197,549
1710,bank,197,345,197,542
1711,fore,197,290,197,487
1712,francisco,234,197,197,431
1713,mend,196,387,196,583
1714,surprised,196,358,196,554
1715,eating,196,324,196,520
1716,fruit,196,288,196,484
1717,prisoner,196,281,196,477
1718,puttin,196,203,196,399
1719,mail,195,307,195,502
1720,beep,195,289,195,484
1721,cheatin,195,206,195,401
1722,wicked,194,438,194,632
1723,sheep,194,356,194,550
1724,witness,194,247,194,441
1725,beans,194,231,194,425
1726,starting,193,558,193,751
1727,sets,193,337,193,530
1728,dinner,193,320,193,513
1729,shack,193,271,193,464
1730,tin,193,267,193,460
1731,swell,193,210,193,403
1732,michael,193,207,193,400
1733,puts,192,338,192,530
1734,beats,192,306,192,498
1735,kansas,284,192,192,476
1736,searchin,191,565,191,756
1737,sunrise,191,542,191,733
1738,sons,191,429,191,620
1739,becomes,191,390,191,581
1740,emptiness,191,327,191,518
1741,muddy,264,191,191,455
1742,doodle,253,191,191,444
1743,remembering,191,213,191,404
1744,gaze,191,210,191,401
1745,hadn't,190,355,190,545
1746,neither,190,335,190,525
1747,fifteen,190,307,190,497
1748,bull,255,190,190,445
1749,wishes,190,222,190,412
1750,breast,210,190,190,400
1751,cradle,191,190,190,381
1752,problems,189,621,189,810
1753,kings,189,469,189,658
1754,mark,189,423,189,612
1755,gin,189,333,189,522
1756,record,188,551,188,739
1757,yard,188,442,188,630
1758,notice,188,381,188,569
1759,leading,188,369,188,557
1760,talks,188,339,188,527
1761,cow,188,276,188,464
1762,dropped,188,256,188,444
1763,lov,188,200,188,388
1764,score,187,458,187,645
1765,expect,187,432,187,619
1766,growin,187,323,187,510
1767,prayed,187,323,187,510
1768,cake,187,315,187,502
1769,hopin,187,296,187,483
1770,morn,187,230,187,417
1771,flames,186,448,186,634
1772,losin,186,429,186,615
1773,sympathy,186,344,186,530
1774,monster,186,280,186,466
1775,springtime,186,207,186,393
1776,freight,186,203,186,389
1777,police,185,497,185,682
1778,stays,185,337,185,522
1779,beggin,185,269,185,454
1780,feather,184,299,184,483
1781,temptation,184,252,184,436
1782,jumpin,184,231,184,415
1783,parted,184,185,184,369
1784,moves,183,691,183,874
1785,suffer,183,448,183,631
1786,cards,183,441,183,624
1787,cats,183,371,183,554
1788,third,183,331,183,514
1789,match,183,306,183,489
1790,father's,183,295,183,478
1791,president,183,285,183,468
1792,dong,183,236,183,419
1793,leaf,183,222,183,405
1794,bury,183,206,183,389
1795,refrain,183,204,183,387
1796,claim,182,446,182,628
1797,despair,182,358,182,540
1798,jolly,209,182,182,391
1799,colored,182,208,182,390
1800,sighs,197,182,182,379
1801,understanding,181,571,181,752
1802,heaven's,181,332,181,513
1803,records,181,272,181,453
1804,tiger,181,268,181,449
1805,dah,180,640,180,820
1806,distance,180,608,180,788
1807,bloody,180,393,180,573
1808,grin,180,324,180,504
1809,terrible,180,288,180,468
1810,engine,180,271,180,451
1811,noon,180,271,180,451
1812,crowded,180,251,180,431
1813,shelf,179,363,179,542
1814,breakfast,179,335,179,514
1815,glance,179,268,179,447
1816,twilight,179,268,179,447
1817,yesterday's,179,267,179,446
1818,tip,179,262,179,441
1819,foolin,179,244,179,423
1820,meeting,179,239,179,418
1821,unhappy,179,214,179,393
1822,flown,179,200,179,379
1823,avenue,178,461,178,639
1824,staying,178,374,178,552
1825,fiddle,178,366,178,544
1826,knockin,178,329,178,507
1827,throne,178,297,178,475
1828,impossible,178,280,178,458
1829,pine,178,186,178,364
1830,mystery,177,887,177,1064
1831,harder,177,789,177,966
1832,clap,177,771,177,948
1833,sack,177,223,177,400
1834,anyhow,177,217,177,394
1835,sleeps,177,211,177,388
1836,ribbons,177,207,177,384
1837,wonderland,177,190,177,367
1838,naked,176,448,176,624
1839,fed,176,337,176,513
1840,jukebox,176,313,176,489
1841,bore,176,295,176,471
1842,donna,284,176,176,460
1843,fades,176,248,176,424
1844,oak,176,248,176,424
1845,fox,176,227,176,403
1846,sweetly,176,196,176,372
1847,nest,176,195,176,371
1848,twas,180,175,175,355
1849,drift,174,507,174,681
1850,showing,174,436,174,610
1851,sale,174,261,174,435
1852,harry,174,198,174,372
1853,reaching,173,667,173,840
1854,direction,173,608,173,781
1855,rides,173,319,173,492
1856,tumbling,173,222,173,395
1857,clover,173,184,173,357
1858,nature,172,734,172,906
1859,american,172,643,172,815
1860,escape,172,524,172,696
1861,helping,172,468,172,640
1862,sleepin,172,418,172,590
1863,rains,172,369,172,541
1864,hidden,172,360,172,532
1865,sensation,172,318,172,490
1866,greet,172,295,172,467
1867,village,172,264,172,436
1868,silk,172,262,172,434
1869,animal,172,252,172,424
1870,mixed,172,249,172,421
1871,passin,172,203,172,375
1872,killing,171,619,171,790
1873,solo,171,464,171,635
1874,bass,171,394,171,565
1875,kicks,171,331,171,502
1876,bible,171,313,171,484
1877,rare,171,245,171,416
1878,grief,171,204,171,375
1879,stops,170,424,170,594
1880,lace,170,324,170,494
1881,tomorrow's,170,315,170,485
1882,conscience,170,269,170,439
1883,exist,170,261,170,431
1884,yi,170,259,170,429
1885,bunch,170,250,170,420
1886,ruin,170,240,170,410
1887,gown,170,208,170,378
1888,understood,169,435,169,604
1889,putting,169,430,169,599
1890,order,169,407,169,576
1891,dont,169,385,169,554
1892,needing,169,340,169,509
1893,dozen,190,169,169,359
1894,chasing,168,395,168,563
1895,herself,168,362,168,530
1896,trick,168,334,168,502
1897,accept,168,327,168,495
1898,perfume,168,291,168,459
1899,kinds,168,282,168,450
1900,confess,168,233,168,401
1901,highest,168,227,168,395
1902,wagon,213,168,168,381
1903,neighbor,168,191,168,359
1904,problem,167,525,167,692
1905,kentucky,167,293,167,460
1906,grieve,196,167,167,363
1907,fountain,167,182,167,349
1908,treats,167,174,167,341
1909,whatcha,166,406,166,572
1910,hearing,166,374,166,540
1911,woods,166,340,166,506
1912,worlds,166,300,166,466
1913,picking,166,291,166,457
1914,traveled,166,206,166,372
1915,diddle,189,166,166,355
1916,givin,165,1005,165,1170
1917,miracle,165,471,165,636
1918,sands,165,192,165,357
1919,heels,164,337,164,501
1920,ray,164,332,164,496
1921,conversation,164,324,164,488
1922,false,164,319,164,483
1923,breathing,164,305,164,469
1924,day's,164,292,164,456
1925,famous,164,272,164,436
1926,neighborhood,164,252,164,416
1927,brush,164,174,164,338
1928,survive,163,917,163,1080
1929,common,163,458,163,621
1930,cigarette,163,367,163,530
1931,mhm,163,270,163,433
1932,windy,163,249,163,412
1933,sway,163,237,163,400
1934,mill,178,163,163,341
1935,flash,162,659,162,821
1936,vision,162,528,162,690
1937,traveling,162,445,162,607
1938,gates,162,303,162,465
1939,spark,162,279,162,441
1940,prize,162,241,162,403
1941,trembling,162,218,162,380
1942,zoo,162,218,162,380
1943,questions,161,545,161,706
1944,refuse,161,476,161,637
1945,further,161,447,161,608
1946,rolls,161,403,161,564
1947,curse,161,305,161,466
1948,society,161,289,161,450
1949,lamp,193,161,161,354
1950,dit,161,186,161,347
1951,flashing,160,365,160,525
1952,shoulders,160,335,160,495
1953,goodness,160,331,160,491
1954,seventeen,160,272,160,432
1955,duh,182,160,160,342
1956,screaming,159,576,159,735
1957,sharing,159,397,159,556
1958,club,159,355,159,514
1959,generation,159,347,159,506
1960,salt,159,297,159,456
1961,shattered,159,272,159,431
1962,pane,159,216,159,375
1963,humble,159,213,159,372
1964,grateful,159,207,159,366
1965,princess,159,198,159,357
1966,bind,159,186,159,345
1967,wink,159,162,159,321
1968,souls,158,543,158,701
1969,bars,158,494,158,652
1970,main,158,492,158,650
1971,gain,158,396,158,554
1972,daily,158,289,158,447
1973,bob,158,281,158,439
1974,success,158,256,158,414
1975,prayers,158,248,158,406
1976,lang,175,158,158,333
1977,meat,157,475,157,632
1978,lion,157,394,157,551
1979,ill,157,327,157,484
1980,everytime,157,320,157,477
1981,lit,157,313,157,470
1982,hears,157,283,157,440
1983,surround,157,232,157,389
1984,parents,157,221,157,378
1985,worship,157,186,157,343
1986,butter,157,181,157,338
1987,mule,164,157,157,321
1988,crack,156,357,156,513
1989,butterfly,156,259,156,415
1990,stray,156,199,156,355
1991,sadly,156,161,156,317
1992,ourselves,155,536,155,691
1993,fooling,155,400,155,555
1994,sink,155,322,155,477
1995,stupid,155,315,155,470
1996,gentlemen,155,308,155,463
1997,stomp,155,294,155,449
1998,who'd,155,286,155,441
1999,due,155,261,155,416
2000,private,155,258,155,413
2001,wolf,155,254,155,409
2002,sundown,155,246,155,401
2003,union,155,246,155,401
2004,handle,154,422,154,576
2005,ok,154,408,154,562
2006,realized,154,329,154,483
2007,neat,154,315,154,469
2008,fuss,154,278,154,432
2009,alabama,154,248,154,402
2010,sudden,154,248,154,402
2011,louis,237,154,154,391
2012,strife,154,236,154,390
2013,sheriff,154,214,154,368
2014,wandered,154,176,154,330
2015,ev'rybody,154,169,154,323
2016,motor,153,400,153,553
2017,afford,153,389,153,542
2018,finding,153,381,153,534
2019,aware,153,371,153,524
2020,pouring,153,305,153,458
2021,smilin,153,265,153,418
2022,rooms,153,264,153,417
2023,badly,153,239,153,392
2024,wondered,153,226,153,379
2025,orange,211,153,153,364
2026,banks,153,189,153,342
2027,group,153,189,153,342
2028,bug,153,154,153,307
2029,pants,152,630,152,782
2030,tower,152,309,152,461
2031,scratch,152,260,152,412
2032,ceiling,152,241,152,393
2033,cafe,152,215,152,367
2034,plea,214,152,152,366
2035,mo,152,206,152,358
2036,tick,152,167,152,319
2037,daylight,151,543,151,694
2038,easily,151,380,151,531
2039,frozen,151,330,151,481
2040,wipe,151,315,151,466
2041,rosie,151,270,151,421
2042,rang,151,239,151,390
2043,dixie,151,209,151,360
2044,pleasant,151,163,151,314
2045,ramble,151,160,151,311
2046,leather,150,401,150,551
2047,slipped,150,365,150,515
2048,guard,150,294,150,444
2049,tricks,150,290,150,440
2050,sun's,150,257,150,407
2051,shell,150,217,150,367
2052,sending,150,208,150,358
2053,dizzy,150,182,150,332
2054,hero,149,638,149,787
2055,circles,149,387,149,536
2056,solid,149,364,149,513
2057,weeks,149,268,149,417
2058,saddle,149,266,149,415
2059,mention,149,228,149,377
2060,choir,149,219,149,368
2061,harlem,149,189,149,338
2062,driver,148,419,148,567
2063,serve,148,335,148,483
2064,strike,148,323,148,471
2065,prince,148,317,148,465
2066,throat,148,315,148,463
2067,paul,148,257,148,405
2068,puppet,222,148,148,370
2069,cheated,184,148,148,332
2070,honor,148,180,148,328
2071,wooden,148,179,148,327
2072,eagle,147,449,147,596
2073,forward,147,361,147,508
2074,sides,147,220,147,367
2075,chin,147,216,147,363
2076,savior,147,206,147,353
2077,court,147,178,147,325
2078,aww,147,156,147,303
2079,imagination,146,345,146,491
2080,bigger,146,343,146,489
2081,affection,146,322,146,468
2082,robin,146,295,146,441
2083,mothers,146,271,146,417
2084,pockets,146,222,146,368
2085,mansion,146,186,146,332
2086,dooby,164,146,146,310
2087,form,145,362,145,507
2088,hollow,145,334,145,479
2089,familiar,145,326,145,471
2090,sore,145,301,145,446
2091,how's,145,240,145,385
2092,latest,145,239,145,384
2093,fairy,145,233,145,378
2094,ar,145,186,145,331
2095,maiden,145,170,145,315
2096,placed,145,165,145,310
2097,constantly,145,146,145,291
2098,pickin,144,277,144,421
2099,crow,144,150,144,294
2100,situation,143,664,143,807
2101,cure,143,472,143,615
2102,bags,143,431,143,574
2103,tonk,143,425,143,568
2104,wonders,143,241,143,384
2105,stretch,143,200,143,343
2106,forgetting,143,191,143,334
2107,glasses,143,175,143,318
2108,doot,167,143,143,310
2109,loo,161,143,143,304
2110,babies,142,551,142,693
2111,steppin,142,357,142,499
2112,papers,142,329,142,471
2113,chill,142,310,142,452
2114,attention,142,295,142,437
2115,bayou,142,267,142,409
2116,swingin,221,142,142,363
2117,bitty,218,142,142,360
2118,ribbon,142,184,142,326
2119,mona,165,142,142,307
2120,poison,141,312,141,453
2121,protect,141,260,141,401
2122,heed,141,248,141,389
2123,deceive,141,193,141,334
2124,sincere,190,141,141,331
2125,asks,141,173,141,314
2126,chills,157,141,141,298
2127,log,141,151,141,292
2128,flesh,140,437,140,577
2129,pool,140,425,140,565
2130,remains,140,382,140,522
2131,holes,140,292,140,432
2132,jar,140,284,140,424
2133,jackson,140,199,140,339
2134,mornings,140,193,140,333
2135,eternally,140,149,140,289
2136,neon,139,426,139,565
2137,goal,139,296,139,435
2138,wed,215,139,139,354
2139,bonny,139,153,139,292
2140,prettiest,149,139,139,288
2141,page,138,384,138,522
2142,coo,138,301,138,439
2143,inspiration,138,271,138,409
2144,toward,138,261,138,399
2145,slept,138,246,138,384
2146,boats,138,241,138,379
2147,sloopy,164,138,138,302
2148,joys,138,160,138,298
2149,ringin,138,154,138,292
2150,declare,138,152,138,290
2151,blossom,144,138,138,282
2152,shit,137,545,137,682
2153,pen,137,387,137,524
2154,months,137,302,137,439
2155,uptight,137,268,137,405
2156,chest,137,266,137,403
2157,cigarettes,137,238,137,375
2158,dan,137,233,137,370
2159,wealth,137,225,137,362
2160,witch,137,222,137,359
2161,goose,137,206,137,343
2162,bringin,137,160,137,297
2163,cave,137,151,137,288
2164,heel,146,137,137,283
2165,washington,139,137,137,276
2166,carpet,138,137,137,275
2167,edge,136,558,136,694
2168,neighbors,136,259,136,395
2169,oooo,136,254,136,390
2170,gathered,136,242,136,378
2171,sorrows,136,203,136,339
2172,haunt,136,170,136,306
2173,jive,135,684,135,819
2174,works,135,362,135,497
2175,easier,135,346,135,481
2176,fuck,135,331,135,466
2177,sixty,135,301,135,436
2178,satin,135,291,135,426
2179,thumb,135,254,135,389
2180,hare,135,217,135,352
2181,spite,135,187,135,322
2182,wednesday,135,181,135,316
2183,homeward,135,143,135,278
2184,sins,134,305,134,439
2185,realise,134,302,134,436
2186,split,134,287,134,421
2187,everlasting,134,278,134,412
2188,suitcase,134,260,134,394
2189,nashville,134,228,134,362
2190,peter,134,216,134,350
2191,burst,134,188,134,322
2192,comb,134,164,134,298
2193,skip,134,153,134,287
2194,answers,133,541,133,674
2195,shown,133,350,133,483
2196,snake,133,343,133,476
2197,disgrace,133,281,133,414
2198,struck,133,270,133,403
2199,nerve,133,223,133,356
2200,dip,133,197,133,330
2201,cane,133,171,133,304
2202,sighing,133,140,133,273
2203,float,132,376,132,508
2204,music's,132,318,132,450
2205,chose,132,247,132,379
2206,dragon,132,222,132,354
2207,press,132,219,132,351
2208,tambourine,176,132,132,308
2209,dough,132,150,132,282
2210,fantasy,131,698,131,829
2211,drives,131,379,131,510
2212,hips,131,269,131,400
2213,loaded,131,263,131,394
2214,swallow,131,258,131,389
2215,searched,131,217,131,348
2216,messin,131,215,131,346
2217,bowl,131,194,131,325
2218,mind's,131,186,131,317
2219,reminds,131,174,131,305
2220,there'd,131,171,131,302
2221,action,130,687,130,817
2222,themselves,130,359,130,489
2223,thrown,130,300,130,430
2224,else's,130,292,130,422
2225,tales,130,238,130,368
2226,pushing,130,230,130,360
2227,stumble,130,226,130,356
2228,courage,130,221,130,351
2229,farmer,130,219,130,349
2230,nearer,130,211,130,341
2231,ti,130,143,130,273
2232,scarlet,130,134,130,264
2233,bluebird,129,281,129,410
2234,nervous,129,271,129,400
2235,extra,129,266,129,395
2236,childhood,129,246,129,375
2237,sinner,129,217,129,346
2238,shone,129,184,129,313
2239,indians,157,129,129,286
2240,football,129,142,129,271
2241,envy,129,132,129,261
2242,cheap,128,500,128,628
2243,belly,128,307,128,435
2244,england,128,296,128,424
2245,mouse,128,201,128,329
2246,peculiar,128,191,128,319
2247,cookin,128,189,128,317
2248,pistol,128,170,128,298
2249,pearls,128,167,128,295
2250,kneel,128,162,128,290
2251,ford,128,153,128,281
2252,ancient,127,306,127,433
2253,depend,127,276,127,403
2254,erase,127,276,127,403
2255,tearing,127,268,127,395
2256,molly,253,127,127,380
2257,missin,127,240,127,367
2258,oklahoma,127,205,127,332
2259,list,127,196,127,323
2260,thankful,127,187,127,314
2261,betty,127,182,127,309
2262,tossed,127,171,127,298
2263,cheeks,127,138,127,265
2264,wi,133,127,127,260
2265,cash,126,341,126,467
2266,knocked,126,312,126,438
2267,bills,126,255,126,381
2268,noticed,126,225,126,351
2269,toot,126,202,126,328
2270,huggin,201,126,126,327
2271,duck,126,198,126,324
2272,holly,126,185,126,311
2273,rubber,125,343,125,468
2274,drank,125,335,125,460
2275,fence,125,323,125,448
2276,stepping,125,266,125,391
2277,lily,125,242,125,367
2278,measure,125,218,125,343
2279,rattle,125,173,125,298
2280,vietnam,141,125,125,266
2281,hotel,124,640,124,764
2282,drinks,124,281,124,405
2283,idea,124,260,124,384
2284,colours,124,256,124,380
2285,climbed,124,220,124,344
2286,granny,124,207,124,331
2287,spain,124,198,124,322
2288,hooked,123,333,123,456
2289,hesitate,123,273,123,396
2290,foreign,123,268,123,391
2291,lone,123,215,123,338
2292,palace,123,206,123,329
2293,appears,123,200,123,323
2294,rome,123,196,123,319
2295,dwell,123,142,123,265
2296,naughty,140,123,123,263
2297,cattle,123,129,123,252
2298,chicks,126,123,123,249
2299,sinking,122,394,122,516
2300,ecstasy,122,327,122,449
2301,stealing,122,318,122,440
2302,sharp,122,241,122,363
2303,lunch,122,230,122,352
2304,digging,122,226,122,348
2305,painting,122,171,122,293
2306,plant,121,265,121,386
2307,narrow,121,228,121,349
2308,sh,121,215,121,336
2309,pipe,121,188,121,309
2310,exciting,121,182,121,303
2311,plains,121,176,121,297
2312,tramp,121,122,121,243
2313,madness,120,498,120,618
2314,wisdom,120,486,120,606
2315,confused,120,389,120,509
2316,slips,120,286,120,406
2317,deserve,120,284,120,404
2318,murder,120,283,120,403
2319,nighttime,120,259,120,379
2320,david,120,233,120,353
2321,wreck,120,194,120,314
2322,julie,120,184,120,304
2323,fee,120,156,120,276
2324,ireland,120,150,120,270
2325,chilly,137,120,120,257
2326,laying,119,444,119,563
2327,blown,119,410,119,529
2328,dues,119,365,119,484
2329,onto,119,345,119,464
2330,whip,119,325,119,444
2331,ate,119,282,119,401
2332,shady,119,247,119,366
2333,social,119,242,119,361
2334,worthwhile,119,225,119,344
2335,le,119,216,119,335
2336,sandy,119,187,119,306
2337,cent,119,131,119,250
2338,vows,121,119,119,240
2339,other's,118,314,118,432
2340,sword,118,312,118,430
2341,saving,118,306,118,424
2342,dawning,118,276,118,394
2343,balloon,265,118,118,383
2344,meets,118,227,118,345
2345,clever,118,222,118,340
2346,chained,118,210,118,328
2347,granted,118,201,118,319
2348,prayin,118,178,118,296
2349,pole,118,170,118,288
2350,abused,118,157,118,275
2351,fishing,118,139,118,257
2352,spice,130,118,118,248
2353,test,117,346,117,463
2354,dr,117,289,117,406
2355,curtain,117,274,117,391
2356,winding,117,258,117,375
2357,visit,117,219,117,336
2358,glove,117,208,117,325
2359,waving,117,206,117,323
2360,tommy,117,174,117,291
2361,cops,117,173,117,290
2362,mem'ries,165,117,117,282
2363,haul,138,117,117,255
2364,fingertips,117,124,117,241
2365,liberty,116,263,116,379
2366,fred,116,257,116,373
2367,giant,116,221,116,337
2368,joint,116,220,116,336
2369,fightin,116,219,116,335
2370,useless,116,202,116,318
2371,spine,116,199,116,315
2372,sleepless,116,168,116,284
2373,deepest,116,151,116,267
2374,loop,116,139,116,255
2375,forevermore,119,116,116,235
2376,letting,115,455,115,570
2377,heading,115,453,115,568
2378,release,115,439,115,554
2379,kicked,115,309,115,424
2380,champagne,115,304,115,419
2381,visions,115,295,115,410
2382,pages,115,291,115,406
2383,thief,115,277,115,392
2384,lands,115,228,115,343
2385,devotion,115,206,115,321
2386,grain,115,197,115,312
2387,strung,115,195,115,310
2388,linda,115,156,115,271
2389,icy,115,146,115,261
2390,kindness,114,326,114,440
2391,ignore,114,230,114,344
2392,wound,114,230,114,344
2393,why'd,114,189,114,303
2394,tremble,114,174,114,288
2395,si,162,114,114,276
2396,bits,114,151,114,265
2397,bomb,113,318,113,431
2398,annie,113,283,113,396
2399,bored,113,259,113,372
2400,pills,113,232,113,345
2401,sidewalk,113,212,113,325
2402,rice,113,201,113,314
2403,glorious,166,113,113,279
2404,sends,113,162,113,275
2405,mix,113,157,113,270
2406,powder,113,152,113,265
2407,alice,113,141,113,254
2408,debt,113,136,113,249
2409,joey,133,113,113,246
2410,chapel,128,113,113,241
2411,passion,112,507,112,619
2412,smooth,112,339,112,451
2413,should've,112,308,112,420
2414,waking,112,292,112,404
2415,french,112,285,112,397
2416,rabbit,112,246,112,358
2417,type,112,236,112,348
2418,hook,112,225,112,337
2419,pan,112,196,112,308
2420,favor,112,189,112,301
2421,ev'rything,112,165,112,277
2422,dock,133,112,112,245
2423,y'know,130,112,112,242
2424,force,111,529,111,640
2425,dancer,111,475,111,586
2426,emotion,111,430,111,541
2427,towards,111,328,111,439
2428,traffic,111,310,111,421
2429,climbing,111,308,111,419
2430,liked,111,291,111,402
2431,hid,111,250,111,361
2432,carrying,111,235,111,346
2433,finished,111,227,111,338
2434,what'd,221,111,111,332
2435,created,111,209,111,320
2436,depends,111,207,111,318
2437,throughout,111,195,111,306
2438,eighteen,111,194,111,305
2439,doop,190,111,111,301
2440,drew,111,187,111,298
2441,el,111,169,111,280
2442,tra,111,146,111,257
2443,cousin,111,132,111,243
2444,cows,111,122,111,233
2445,salty,116,111,111,227
2446,wh,113,111,111,224
2447,bridges,110,296,110,406
2448,slippin,110,250,110,360
2449,separate,110,243,110,353
2450,bo,235,110,110,345
2451,sow,110,235,110,345
2452,notion,110,232,110,342
2453,joined,110,215,110,325
2454,burden,110,212,110,322
2455,liquor,110,208,110,318
2456,pleasures,110,181,110,291
2457,ron,172,110,110,282
2458,garbage,110,160,110,270
2459,straighten,110,153,110,263
2460,mem'ry,152,110,110,262
2461,belonged,110,140,110,250
2462,petals,124,110,110,234
2463,flip,120,110,110,230
2464,lil,113,110,110,223
2465,wop,109,483,109,592
2466,wire,109,410,109,519
2467,border,109,381,109,490
2468,fake,109,375,109,484
2469,fan,109,312,109,421
2470,relax,109,303,109,412
2471,using,109,300,109,409
2472,reflection,109,284,109,393
2473,seeking,109,278,109,387
2474,sticks,109,224,109,333
2475,guitars,109,208,109,317
2476,brightly,109,197,109,306
2477,reindeer,184,109,109,293
2478,jazz,109,182,109,291
2479,gifts,109,157,109,266
2480,beggar,109,147,109,256
2481,supper,109,126,109,235
2482,noble,109,123,109,232
2483,chimney,119,109,109,228
2484,rat,108,396,108,504
2485,illusion,108,346,108,454
2486,shouting,108,255,108,363
2487,service,108,212,108,320
2488,swept,108,183,108,291
2489,reap,108,180,108,288
2490,thursday,108,172,108,280
2491,information,108,166,108,274
2492,soup,108,165,108,273
2493,sparkle,108,163,108,271
2494,limbo,108,145,108,253
2495,nancy,126,108,108,234
2496,mourn,108,119,108,227
2497,anne,108,116,108,224
2498,bliss,116,108,108,224
2499,charming,114,108,108,222
2500,blessings,108,112,108,220
2501,ups,107,348,107,455
2502,heartbeat,107,341,107,448
2503,woh,107,332,107,439
2504,rub,107,310,107,417
2505,spending,107,288,107,395
2506,virgin,107,246,107,353
2507,houses,107,241,107,348
2508,wiggle,107,233,107,340
2509,seventh,107,225,107,332
2510,seldom,107,181,107,288
2511,nineteen,107,161,107,268
2512,banjo,145,107,107,252
2513,apples,141,107,107,248
2514,kin,107,139,107,246
2515,treasures,107,139,107,246
2516,hooray,107,131,107,238
2517,presents,128,107,107,235
2518,shoop,107,121,107,228
2519,mild,107,120,107,227
2520,whale,107,107,107,214
2521,rebel,106,440,106,546
2522,strain,106,269,106,375
2523,throwing,106,257,106,363
2524,millions,106,245,106,351
2525,echoes,106,239,106,345
2526,concerned,106,220,106,326
2527,market,106,203,106,309
2528,hoped,106,201,106,307
2529,carousel,106,152,106,258
2530,boogaloo,106,144,106,250
2531,tobacco,106,128,106,234
2532,knocks,106,122,106,228
2533,mae,106,116,106,222
2534,al,106,115,106,221
2535,dat,105,384,105,489
2536,justice,105,382,105,487
2537,devil's,105,325,105,430
2538,uptown,105,239,105,344
2539,glowing,105,238,105,343
2540,enter,105,237,105,342
2541,finish,105,222,105,327
2542,shotgun,105,216,105,321
2543,pounds,105,176,105,281
2544,returned,105,169,105,274
2545,thats,105,157,105,262
2546,puff,152,105,105,257
2547,potato,151,105,105,256
2548,consider,105,142,105,247
2549,frankie,105,141,105,246
2550,sport,109,105,105,214
2551,palm,104,305,104,409
2552,frightened,104,299,104,403
2553,dolly,245,104,104,349
2554,rio,104,235,104,339
2555,hangs,104,221,104,325
2556,habit,104,206,104,310
2557,ey,104,204,104,308
2558,touches,104,195,104,299
2559,regrets,104,189,104,293
2560,bears,104,172,104,276
2561,brow,104,172,104,276
2562,strikes,104,166,104,270
2563,parties,104,149,104,253
2564,parting,104,125,104,229
2565,dresses,120,104,104,224
2566,fol,104,120,104,224
2567,butterflies,104,119,104,223
2568,wail,118,104,104,222
2569,ass,103,467,103,570
2570,singer,103,375,103,478
2571,sooner,103,356,103,459
2572,travelling,103,259,103,362
2573,gods,103,248,103,351
2574,returning,103,243,103,346
2575,needle,103,200,103,303
2576,brass,103,198,103,301
2577,team,103,187,103,290
2578,willy,103,182,103,285
2579,drummer,103,178,103,281
2580,baba,103,158,103,261
2581,boyfriend,103,151,103,254
2582,yell,103,146,103,249
2583,follows,103,145,103,248
2584,pounding,103,130,103,233
2585,party's,103,109,103,212
2586,staring,102,426,102,528
2587,leader,102,341,102,443
2588,image,102,318,102,420
2589,ordinary,102,305,102,407
2590,united,102,273,102,375
2591,paying,102,261,102,363
2592,excited,102,253,102,355
2593,wishin,102,253,102,355
2594,rainin,102,242,102,344
2595,headin,102,240,102,342
2596,understands,102,234,102,336
2597,raging,102,216,102,318
2598,facts,102,213,102,315
2599,valleys,102,176,102,278
2600,wearin,102,170,102,272
2601,trumpet,102,153,102,255
2602,lower,102,144,102,246
2603,canyon,102,142,102,244
2604,hood,102,141,102,243
2605,handy,102,136,102,238
2606,torture,102,129,102,231
2607,madly,102,112,102,214
2608,frisco,102,109,102,211
2609,touching,101,461,101,562
2610,jam,101,455,101,556
2611,amazing,101,296,101,397
2612,lack,101,212,101,313
2613,belle,101,168,101,269
2614,golly,143,101,101,244
2615,patiently,101,135,101,236
2616,beads,101,105,101,206
2617,express,100,333,100,433
2618,salvation,100,283,100,383
2619,forth,100,274,100,374
2620,halfway,100,237,100,337
2621,swimming,100,230,100,330
2622,partner,100,220,100,320
2623,er,100,208,100,308
2624,nails,100,201,100,301
2625,creeping,100,198,100,298
2626,disappeared,100,190,100,290
2627,money's,100,178,100,278
2628,arrow,100,158,100,258
2629,louise,100,158,100,258
2630,forsake,100,156,100,256
2631,blonde,100,154,100,254
2632,puppy,142,100,100,242
2633,fanny,125,100,100,225
2634,anna,100,123,100,223
2635,aunt,120,100,100,220
2636,you's,100,111,100,211
2637,antone,100,110,100,210
