token,clean_token,is_short_token,has_repeated_char_pattern,has_nonstandard_chars,is_probable_name,is_probable_filler,quality_flags,min_count_all_labels,max_count_all_labels,mean_count_all_labels,count_ratio_max_to_min,count_cv_all_labels,range_cosine_similarity,range_cosine_distance,adjacent_distance_mean,adjacent_distance_sum,adjacent_distance_max,dominant_jump_pair,one_step_dominance,count_1960_1969,count_1970_1979,count_1980_1989,count_1990_1999,count_2000_2009,count_2010_2019,cos_1960_1969__to__1970_1979,cos_1970_1979__to__1980_1989,cos_1980_1989__to__1990_1999,cos_1990_1999__to__2000_2009,cos_2000_2009__to__2010_2019,dist_1960_1969__to__1970_1979,dist_1970_1979__to__1980_1989,dist_1980_1989__to__1990_1999,dist_1990_1999__to__2000_2009,dist_2000_2009__to__2010_2019
ar,False,True,False,False,False,False,too_short,145,5943,1291.8333333333333,40.98620689655172,1.6241405902554946,0.1479806751012802,0.8520193248987198,0.5853654861450195,2.9268274307250977,0.6793692111968994,1990_1999__to__2000_2009,0.23211795955752376,145,186,195,332,950,5943,0.4609968662261963,0.46196168661117554,0.35152795910835266,0.3206307888031006,0.47805526852607727,0.5390031337738037,0.5380383133888245,0.6484720408916473,0.6793692111968994,0.5219447314739227
yay,False,False,False,False,False,True,probable_filler,232,9239,2203.5,39.82327586206897,1.4600980959063337,0.15197014808654785,0.8480298519134521,0.4514801263809204,2.257400631904602,0.5469414293766022,1990_1999__to__2000_2009,0.24228815286329555,232,235,313,1078,2124,9239,0.6626864075660706,0.6106395125389099,0.4754898250102997,0.4530585706233978,0.54072505235672,0.33731359243392944,0.3893604874610901,0.5245101749897003,0.5469414293766022,0.45927494764328003
michael,False,False,False,False,True,False,probable_name,193,16047,3320.5,83.14507772020725,1.726676802098953,0.16658975183963776,0.8334102481603622,0.476112163066864,2.38056081533432,0.5686642527580261,1960_1969__to__1970_1979,0.2388782714959392,193,207,312,991,2173,16047,0.4313357472419739,0.5502944588661194,0.5880836844444275,0.49135154485702515,0.558373749256134,0.5686642527580261,0.4497055411338806,0.4119163155555725,0.5086484551429749,0.44162625074386597
mate,True,False,False,False,False,False,,132,8827,1983.8333333333333,66.87121212121212,1.568050604238674,0.17098896205425262,0.8290110379457474,0.515644508600235,2.578222543001175,0.5824762880802155,1980_1989__to__1990_1999,0.22592164887449362,134,132,350,694,1766,8827,0.4242432415485382,0.4707329571247101,0.41752371191978455,0.4800065755844116,0.6292709708213806,0.5757567584514618,0.5292670428752899,0.5824762880802155,0.5199934244155884,0.3707290291786194
jackson,True,False,False,False,False,False,,140,8755,1906.0,62.535714285714285,1.6242545558696606,0.17122900485992432,0.8287709951400757,0.4946218073368073,2.4731090366840363,0.5507673919200897,1970_1979__to__1980_1989,0.22270242991734926,140,199,214,688,1440,8755,0.4685940742492676,0.4492326080799103,0.5085812211036682,0.5004810094833374,0.6000020503997803,0.5314059257507324,0.5507673919200897,0.4914187788963318,0.4995189905166626,0.3999979496002197
wi,False,True,False,False,False,False,too_short,127,6059,1376.5,47.70866141732284,1.5422928763797596,0.20081506669521332,0.7991849333047867,0.4928625762462616,2.464312881231308,0.6123987138271332,1970_1979__to__1980_1989,0.2485068833958879,133,127,161,721,1058,6059,0.6326603293418884,0.3876012861728668,0.42108237743377686,0.543787956237793,0.5505551695823669,0.3673396706581116,0.6123987138271332,0.5789176225662231,0.45621204376220703,0.44944483041763306
don,True,False,False,False,False,False,,387,33437,7846.666666666667,86.40051679586563,1.4992100710545266,0.21291285753250122,0.7870871424674988,0.4848569333553314,2.424284666776657,0.676488608121872,1960_1969__to__1970_1979,0.2790466884490653,387,403,1143,3454,8256,33437,0.32351139187812805,0.38410818576812744,0.493075430393219,0.643359363079071,0.7316609621047974,0.676488608121872,0.6158918142318726,0.506924569606781,0.35664063692092896,0.26833903789520264
sport,True,False,False,False,False,False,,105,5738,1379.8333333333333,54.647619047619045,1.4443735473350165,0.21813809871673584,0.7818619012832642,0.48651190400123595,2.43255952000618,0.6818526983261108,1960_1969__to__1970_1979,0.2803025754224417,109,105,247,835,1245,5738,0.31814730167388916,0.4530344307422638,0.5222623348236084,0.604602575302124,0.6693938374519348,0.6818526983261108,0.5469655692577362,0.4777376651763916,0.395397424697876,0.3306061625480652
loop,True,False,False,False,False,False,,116,6261,1396.3333333333333,53.974137931034484,1.5757562788772717,0.21943463385105133,0.7805653661489487,0.4493513762950897,2.2467568814754486,0.5581994652748108,1980_1989__to__1990_1999,0.24844675891600712,116,139,152,737,973,6261,0.6610230803489685,0.5414595007896423,0.4418005347251892,0.4820208251476288,0.6269391775131226,0.3389769196510315,0.45854049921035767,0.5581994652748108,0.5179791748523712,0.37306082248687744
shady,True,False,False,False,False,False,,119,10644,2460.5,89.4453781512605,1.5237545904618328,0.22088752686977386,0.7791124731302261,0.4597883462905884,2.298941731452942,0.591099739074707,1980_1989__to__1990_1999,0.2571181909430689,119,247,180,1124,2449,10644,0.5605619549751282,0.5624164938926697,0.40890026092529297,0.555413544178009,0.6137660145759583,0.4394380450248718,0.4375835061073303,0.591099739074707,0.44458645582199097,0.38623398542404175
chill,True,False,False,False,False,False,,142,44333,9407.5,312.2042253521127,1.6774372935976645,0.2237277328968048,0.7762722671031952,0.33400955200195315,1.6700477600097656,0.4532703161239624,1970_1979__to__1980_1989,0.271411588924446,142,310,1149,4019,6492,44333,0.6947299242019653,0.5467296838760376,0.6149986386299133,0.7087785601615906,0.7647154331207275,0.30527007579803467,0.4532703161239624,0.38500136137008667,0.2912214398384094,0.23528456687927246
mhm,True,False,False,False,False,False,,163,4965,1022.8333333333334,30.460122699386503,1.7241066866241943,0.22535979747772217,0.7746402025222778,0.6123487740755081,3.0617438703775406,0.758440300822258,2000_2009__to__2010_2019,0.24771513651425567,163,270,199,264,276,4965,0.44759923219680786,0.3978882431983948,0.423637330532074,0.4275716245174408,0.241559699177742,0.5524007678031921,0.6021117568016052,0.576362669467926,0.5724283754825592,0.758440300822258
donna,False,False,False,False,True,False,probable_name,157,1152,418.1666666666667,7.337579617834395,0.8109911885000529,0.2255466729402542,0.7744533270597458,0.5960592150688171,2.9802960753440857,0.6446989178657532,1970_1979__to__1980_1989,0.21632042641646615,284,176,157,338,402,1152,0.4071578085422516,0.3553010821342468,0.3970140516757965,0.44829443097114563,0.41193655133247375,0.5928421914577484,0.6446989178657532,0.6029859483242035,0.5517055690288544,0.5880634486675262
cha,True,False,False,False,False,False,,428,10133,3095.8333333333335,23.675233644859812,1.0911066122005793,0.2290964424610138,0.7709035575389862,0.5525444924831391,2.762722462415695,0.595097541809082,1960_1969__to__1970_1979,0.21540257840041416,428,542,1129,2329,4014,10133,0.40490245819091797,0.45764756202697754,0.4796028435230255,0.4646316170692444,0.4304930567741394,0.595097541809082,0.5423524379730225,0.5203971564769745,0.5353683829307556,0.5695069432258606
jenny,False,False,False,False,True,False,probable_name,226,2494,804.0,11.035398230088495,0.9992179478708226,0.236643448472023,0.763356551527977,0.5823736965656281,2.9118684828281403,0.6721922159194946,1980_1989__to__1990_1999,0.23084566486554733,226,256,302,520,1026,2494,0.42417845129966736,0.4218761622905731,0.32780778408050537,0.4029543101787567,0.5113148093223572,0.5758215487003326,0.5781238377094269,0.6721922159194946,0.5970456898212433,0.4886851906776428
pan,True,False,False,False,False,False,,112,8301,1831.1666666666667,74.11607142857143,1.5982287851168904,0.23776370286941528,0.7622362971305847,0.43955245018005373,2.1977622509002686,0.49611109495162964,1960_1969__to__1970_1979,0.22573465111997798,112,196,267,700,1411,8301,0.5038889050483704,0.5390347838401794,0.5808423161506653,0.5671432018280029,0.6113285422325134,0.49611109495162964,0.46096521615982056,0.4191576838493347,0.43285679817199707,0.3886714577674866
hood,True,False,False,False,False,False,,102,65863,14972.666666666666,645.7156862745098,1.5774973342933054,0.2394191473722458,0.7605808526277542,0.38953201174736024,1.9476600587368011,0.5675619840621948,1980_1989__to__1990_1999,0.29140710747557247,102,141,280,5427,18023,65863,0.6138582825660706,0.4908427894115448,0.4324380159378052,0.6947575807571411,0.8204432725906372,0.38614171743392944,0.5091572105884552,0.5675619840621948,0.3052424192428589,0.1795567274093628
wah,True,False,False,False,False,False,,673,10135,2612.5,15.059435364041605,1.3001351934535044,0.23980079591274261,0.7601992040872574,0.502464371919632,2.51232185959816,0.5957150757312775,1990_1999__to__2000_2009,0.23711733966545223,673,743,754,1367,2003,10135,0.4780571460723877,0.5281853079795837,0.5154232978820801,0.40428492426872253,0.5617274641990662,0.5219428539276123,0.47181469202041626,0.4845767021179199,0.5957150757312775,0.43827253580093384
joey,False,False,False,False,False,True,probable_filler,113,3043,761.6666666666666,26.92920353982301,1.3586022154736008,0.24275752902030945,0.7572424709796906,0.5610985517501831,2.8054927587509155,0.6084328293800354,1990_1999__to__2000_2009,0.21687200135598528,133,113,369,278,634,3043,0.5181297659873962,0.4553406238555908,0.40687450766563416,0.3915671706199646,0.42259517312049866,0.48187023401260376,0.5446593761444092,0.5931254923343658,0.6084328293800354,0.5774048268795013
goose,True,False,False,False,False,False,,137,6633,1480.0,48.416058394160586,1.5801021070217456,0.2433476448059082,0.7566523551940918,0.4307409763336182,2.153704881668091,0.5175565779209137,1980_1989__to__1990_1999,0.24030988754599236,137,206,163,449,1292,6633,0.4884220063686371,0.6046786904335022,0.4824434220790863,0.5468934774398804,0.7238575220108032,0.5115779936313629,0.3953213095664978,0.5175565779209137,0.45310652256011963,0.2761424779891968
er,False,True,False,False,False,False,too_short,100,6384,1438.6666666666667,63.84,1.5582779856304019,0.24665746092796326,0.7533425390720367,0.6724409282207489,3.3622046411037445,0.7383339405059814,1970_1979__to__1980_1989,0.21959815636433158,100,208,210,530,1200,6384,0.3992653489112854,0.26166605949401855,0.31257474422454834,0.2716236710548401,0.3926655352115631,0.6007346510887146,0.7383339405059814,0.6874252557754517,0.7283763289451599,0.6073344647884369
sparrow,True,False,False,False,False,False,,111,1720,502.1666666666667,15.495495495495495,1.1188050632748219,0.2506679892539978,0.7493320107460022,0.42494471073150636,2.1247235536575317,0.5113554000854492,1960_1969__to__1970_1979,0.2406691445600978,230,150,111,261,541,1720,0.4886445999145508,0.5498456358909607,0.6061338782310486,0.5850599408149719,0.6455923914909363,0.5113554000854492,0.4501543641090393,0.3938661217689514,0.4149400591850281,0.3544076085090637
annie,False,False,False,False,True,False,probable_name,113,2737,850.3333333333334,24.221238938053098,1.0292932722010955,0.25244855880737305,0.747551441192627,0.6252910077571869,3.1264550387859344,0.6802471876144409,1970_1979__to__1980_1989,0.21757779311567987,113,283,632,499,838,2737,0.4266943335533142,0.3197528123855591,0.3737757205963135,0.3287346661090851,0.4245874285697937,0.5733056664466858,0.6802471876144409,0.6262242794036865,0.6712653338909149,0.5754125714302063
woh,True,False,False,False,False,False,,107,2835,891.6666666666666,26.49532710280374,1.005849326439773,0.2544783055782318,0.7455216944217682,0.5673802077770234,2.8369010388851166,0.6647201776504517,2000_2009__to__2010_2019,0.23431207805249432,107,332,695,716,665,2835,0.4773530960083008,0.5023244619369507,0.4321012496948242,0.4160403311252594,0.33527982234954834,0.5226469039916992,0.4976755380630493,0.5678987503051758,0.5839596688747406,0.6647201776504517
gang,True,False,False,False,False,False,,240,124997,22423.0,520.8208333333333,2.0472845127627357,0.25571537017822266,0.7442846298217773,0.49665722250938416,2.4832861125469208,0.5237028300762177,2000_2009__to__2010_2019,0.2108910557789472,240,381,704,3023,5193,124997,0.5068055987358093,0.47817936539649963,0.4861815273761749,0.569250226020813,0.47629716992378235,0.4931944012641907,0.5218206346035004,0.5138184726238251,0.430749773979187,0.5237028300762177
limbo,True,False,False,False,False,False,,108,2869,694.1666666666666,26.564814814814813,1.4104203650682525,0.2558048367500305,0.7441951632499695,0.5651636958122254,2.8258184790611267,0.7218293845653534,1960_1969__to__1970_1979,0.25544081826698933,108,145,247,376,420,2869,0.2781706154346466,0.534373939037323,0.4304192066192627,0.4759316146373749,0.4552861452102661,0.7218293845653534,0.465626060962677,0.5695807933807373,0.5240683853626251,0.5447138547897339
re,False,True,False,False,False,False,too_short,441,29798,7188.833333333333,67.56916099773242,1.4502379353207349,0.25769925117492676,0.7423007488250732,0.4633582293987274,2.316791146993637,0.5411738157272339,1970_1979__to__1980_1989,0.2335876569752449,441,681,1234,3055,7924,29798,0.5783175826072693,0.4588261842727661,0.4938903748989105,0.47602272033691406,0.6761519908905029,0.4216824173927307,0.5411738157272339,0.5061096251010895,0.5239772796630859,0.32384800910949707
al,False,True,False,False,False,False,too_short,106,8028,1957.1666666666667,75.73584905660377,1.4344364954277224,0.25801724195480347,0.7419827580451965,0.5447358012199401,2.723679006099701,0.6546869277954102,1980_1989__to__1990_1999,0.2403686067004348,106,115,311,1027,2156,8028,0.5357348918914795,0.4117141664028168,0.34531307220458984,0.4846878945827484,0.49887096881866455,0.4642651081085205,0.5882858335971832,0.6546869277954102,0.5153121054172516,0.5011290311813354
mill,True,False,False,False,False,False,,163,9637,2061.5,59.122699386503065,1.6607369600687951,0.2593052089214325,0.7406947910785675,0.3816474676132202,1.908237338066101,0.4871329069137573,1980_1989__to__1990_1999,0.2552789934439922,178,163,180,648,1563,9637,0.6449872255325317,0.6048770546913147,0.5128670930862427,0.6312351822853088,0.697796106338501,0.35501277446746826,0.3951229453086853,0.4871329069137573,0.36876481771469116,0.302203893661499
stagger,True,False,False,False,False,False,,103,855,310.8333333333333,8.300970873786408,0.8521450146151689,0.25932955741882324,0.7406704425811768,0.47301100492477416,2.365055024623871,0.560671865940094,1980_1989__to__1990_1999,0.2370650408141185,129,103,103,293,382,855,0.5383564829826355,0.5752913355827332,0.439328134059906,0.5528987646102905,0.529070258140564,0.4616435170173645,0.42470866441726685,0.560671865940094,0.4471012353897095,0.47092974185943604
whip,True,False,False,False,False,False,,119,69595,13043.666666666666,584.8319327731092,1.9439732888159087,0.25957128405570984,0.7404287159442902,0.44281556010246276,2.214077800512314,0.605791300535202,1980_1989__to__1990_1999,0.2736088589095778,119,325,752,1934,5537,69595,0.5602025985717773,0.508549690246582,0.394208699464798,0.5824774503707886,0.7404837608337402,0.43979740142822266,0.49145030975341797,0.605791300535202,0.4175225496292114,0.25951623916625977
kicks,True,False,False,False,False,False,,171,15096,3440.6666666666665,88.28070175438596,1.5435295708372199,0.25959283113479614,0.7404071688652039,0.3703127682209015,1.8515638411045074,0.5508422553539276,1980_1989__to__1990_1999,0.2975010869867363,171,331,462,1424,3160,15096,0.6738247275352478,0.658486008644104,0.4491577446460724,0.6231018900871277,0.7438657879829407,0.3261752724647522,0.341513991355896,0.5508422553539276,0.3768981099128723,0.2561342120170593
granny,True,False,False,False,False,False,,124,4775,990.8333333333334,38.50806451612903,1.7114470343410035,0.26003390550613403,0.739966094493866,0.49201048612594606,2.4600524306297302,0.5530348718166351,1970_1979__to__1980_1989,0.22480613215022735,124,207,135,254,450,4775,0.46820876002311707,0.44696512818336487,0.5033740401268005,0.49665629863739014,0.6247433423995972,0.5317912399768829,0.5530348718166351,0.49662595987319946,0.5033437013626099,0.37525665760040283
dancer,True,False,False,False,False,False,,111,5940,1537.5,53.513513513513516,1.3023872723326966,0.26040083169937134,0.7395991683006287,0.464953625202179,2.3247681260108948,0.6466525197029114,1960_1969__to__1970_1979,0.27815785689238276,111,475,638,723,1338,5940,0.3533474802970886,0.5827887058258057,0.5770597457885742,0.5616829991340637,0.600352942943573,0.6466525197029114,0.41721129417419434,0.4229402542114258,0.4383170008659363,0.399647057056427
zoo,True,False,False,False,False,False,,162,6284,1514.1666666666667,38.79012345679013,1.427099724946778,0.2607625722885132,0.7392374277114868,0.4458972454071045,2.2294862270355225,0.533317506313324,1990_1999__to__2000_2009,0.2392109445872018,162,218,478,755,1188,6284,0.5856528282165527,0.536360502243042,0.5888364911079407,0.466682493686676,0.5929814577102661,0.41434717178344727,0.463639497756958,0.4111635088920593,0.533317506313324,0.4070185422897339
partner,True,False,False,False,False,False,,100,7408,1817.1666666666667,74.08,1.4071684498688868,0.26302066445350647,0.7369793355464935,0.5014294445514679,2.5071472227573395,0.5731776356697083,1980_1989__to__1990_1999,0.2286174622961839,100,220,415,1129,1631,7408,0.5238267183303833,0.512116014957428,0.42682236433029175,0.4826800525188446,0.5474076271057129,0.4761732816696167,0.487883985042572,0.5731776356697083,0.5173199474811554,0.4525923728942871
lean,True,False,False,False,False,False,,220,60080,11481.0,273.09090909090907,1.898396296635263,0.263969749212265,0.736030250787735,0.35044063329696656,1.7522031664848328,0.40854591131210327,1960_1969__to__1970_1979,0.23316126755535097,220,628,890,1903,5165,60080,0.5914540886878967,0.6743001937866211,0.6726763844490051,0.6493553519248962,0.660010814666748,0.40854591131210327,0.3256998062133789,0.3273236155509949,0.35064464807510376,0.33998918533325195
dan,True,False,False,False,False,False,,137,5659,1292.6666666666667,41.306569343065696,1.5266737871108995,0.26447030901908875,0.7355296909809113,0.5675550103187561,2.8377750515937805,0.684632807970047,1960_1969__to__1970_1979,0.24125689863456107,137,233,201,549,977,5659,0.315367192029953,0.44880613684654236,0.3973258137702942,0.4578257203102112,0.5429000854492188,0.684632807970047,0.5511938631534576,0.6026741862297058,0.5421742796897888,0.45709991455078125
lane,True,False,False,False,False,False,,275,37998,7594.0,138.17454545454547,1.800188653665276,0.2652999758720398,0.7347000241279602,0.37352163791656495,1.8676081895828247,0.45347028970718384,1980_1989__to__1990_1999,0.24280804305558187,275,391,731,1726,4443,37998,0.6616503000259399,0.6196476221084595,0.5465297102928162,0.6132912635803223,0.6912729144096375,0.33834969997406006,0.3803523778915405,0.45347028970718384,0.38670873641967773,0.30872708559036255
sandy,True,False,False,False,False,False,,119,2245,583.3333333333334,18.865546218487395,1.291161666476972,0.2658715844154358,0.7341284155845642,0.5593116819858551,2.7965584099292755,0.6354649066925049,1960_1969__to__1970_1979,0.22723105100764754,119,187,155,305,489,2245,0.3645350933074951,0.4949069023132324,0.4014663100242615,0.4459293782711029,0.49660390615463257,0.6354649066925049,0.5050930976867676,0.5985336899757385,0.5540706217288971,0.5033960938453674
puff,True,False,False,False,False,False,,105,12013,2720.8333333333335,114.4095238095238,1.5581079510698062,0.2661294639110565,0.7338705360889435,0.4448649942874908,2.2243249714374542,0.5411340296268463,1960_1969__to__1970_1979,0.2432801126523982,152,105,206,1448,2401,12013,0.4588659703731537,0.5147395730018616,0.5181077718734741,0.5730464458465576,0.7109152674674988,0.5411340296268463,0.4852604269981384,0.4818922281265259,0.4269535541534424,0.2890847325325012
jive,True,False,False,False,False,False,,135,1913,817.0,14.170370370370371,0.6593407770068629,0.2664721608161926,0.7335278391838074,0.4659949362277985,2.3299746811389923,0.5291771590709686,1990_1999__to__2000_2009,0.22711712850556984,135,684,590,745,835,1913,0.5059723854064941,0.5734090805053711,0.5460530519485474,0.47082284092903137,0.5737679600715637,0.49402761459350586,0.4265909194946289,0.45394694805145264,0.5291771590709686,0.4262320399284363
baba,True,False,False,False,False,False,,103,3133,701.5,30.41747572815534,1.5575181809046388,0.2677310109138489,0.7322689890861511,0.5129530131816864,2.564765065908432,0.6039683222770691,2000_2009__to__2010_2019,0.2354868016198378,103,158,205,171,439,3133,0.5201496481895447,0.45142343640327454,0.5563371181488037,0.5112930536270142,0.3960316777229309,0.4798503518104553,0.5485765635967255,0.4436628818511963,0.48870694637298584,0.6039683222770691
woo,True,False,False,False,False,False,,1182,57208,12421.333333333334,48.39932318104907,1.6208997915038263,0.26841750741004944,0.7315824925899506,0.5047304391860962,2.523652195930481,0.6739477813243866,1980_1989__to__1990_1999,0.26705256073367084,1182,2802,2239,3386,7711,57208,0.679145097732544,0.5259169936180115,0.3260522186756134,0.37035223841667175,0.5748812556266785,0.32085490226745605,0.4740830063819885,0.6739477813243866,0.6296477615833282,0.42511874437332153
duck,True,False,False,False,False,False,,126,14814,3471.6666666666665,117.57142857142857,1.492988346090396,0.2741298973560333,0.7258701026439667,0.46497827768325806,2.3248913884162903,0.6346005499362946,1970_1979__to__1980_1989,0.27295922428814307,126,198,610,1945,3137,14814,0.49151697754859924,0.36539945006370544,0.5191470384597778,0.5882817506790161,0.7107633948326111,0.5084830224514008,0.6346005499362946,0.48085296154022217,0.4117182493209839,0.2892366051673889
press,True,False,False,False,False,False,,132,19727,4360.166666666667,149.4469696969697,1.6048660569885418,0.27586889266967773,0.7241311073303223,0.3931260108947754,1.965630054473877,0.48843520879745483,1960_1969__to__1970_1979,0.24848786153109062,132,219,559,1524,4000,19727,0.5115647912025452,0.5150121450424194,0.5692901611328125,0.66706782579422,0.771435022354126,0.48843520879745483,0.48498785495758057,0.4307098388671875,0.33293217420578003,0.22856497764587402
sh,False,True,False,False,False,False,too_short,121,11389,2350.8333333333335,94.12396694214875,1.7318786685560768,0.28048330545425415,0.7195166945457458,0.5351256430149078,2.675628215074539,0.630702018737793,1970_1979__to__1980_1989,0.23572109726770185,121,215,255,552,1573,11389,0.4984905421733856,0.36929798126220703,0.4472493529319763,0.4765363335609436,0.5327975749969482,0.5015094578266144,0.630702018737793,0.5527506470680237,0.5234636664390564,0.46720242500305176
hook,True,False,False,False,False,False,,112,123585,22577.166666666668,1103.4375,2.0043059019192824,0.28061822056770325,0.7193817794322968,0.37804421186447146,1.8902210593223572,0.4060487151145935,1980_1989__to__1990_1999,0.21481546463150805,112,225,562,3178,7801,123585,0.6488689184188843,0.6111890077590942,0.5939512848854065,0.61946702003479,0.6363027095794678,0.3511310815811157,0.38881099224090576,0.4060487151145935,0.38053297996520996,0.3636972904205322
ma,False,True,False,False,False,False,too_short,593,45442,10018.5,76.63069139966274,1.5987441575564973,0.2844625413417816,0.7155374586582184,0.5093621194362641,2.54681059718132,0.6282498836517334,1980_1989__to__1990_1999,0.24668103876552433,593,1149,2175,2895,7857,45442,0.5483391880989075,0.572431206703186,0.3717501163482666,0.4365479648113251,0.5241209268569946,0.45166081190109253,0.42756879329681396,0.6282498836517334,0.5634520351886749,0.47587907314300537
rocking,True,False,False,False,False,False,,234,24930,5468.833333333333,106.53846153846153,1.6082242788207273,0.28519487380981445,0.7148051261901855,0.3786300301551819,1.8931501507759094,0.4768717885017395,1960_1969__to__1970_1979,0.25189327339212536,234,672,1118,1675,4184,24930,0.5231282114982605,0.5971341133117676,0.5763853192329407,0.6794357895851135,0.7307664155960083,0.4768717885017395,0.4028658866882324,0.4236146807670593,0.3205642104148865,0.2692335844039917
canyon,True,False,False,False,False,False,,102,1643,461.8333333333333,16.107843137254903,1.1786186892441184,0.28724902868270874,0.7127509713172913,0.43290968537330626,2.1645484268665314,0.5271371304988861,1960_1969__to__1970_1979,0.24353214922614896,102,142,112,294,478,1643,0.4728628695011139,0.6313528418540955,0.5361078977584839,0.5893040895462036,0.6058238744735718,0.5271371304988861,0.36864715814590454,0.4638921022415161,0.4106959104537964,0.3941761255264282
harry,False,False,False,False,True,False,probable_name,174,4209,1063.1666666666667,24.189655172413794,1.3445282690249043,0.28743913769721985,0.7125608623027802,0.5851256310939789,2.9256281554698944,0.6246280670166016,1990_1999__to__2000_2009,0.2135022066453548,174,198,395,460,943,4209,0.4160374701023102,0.4204915761947632,0.41352757811546326,0.37537193298339844,0.44894328713417053,0.5839625298976898,0.5795084238052368,0.5864724218845367,0.6246280670166016,0.5510567128658295
molly,True,False,False,False,False,False,,127,21362,3825.6666666666665,168.20472440944883,2.050404078379432,0.2885449230670929,0.7114550769329071,0.4963414341211319,2.4817071706056595,0.7549008280038834,2000_2009__to__2010_2019,0.3041861009813056,253,127,174,431,607,21362,0.6744734048843384,0.6833769679069519,0.5679721236228943,0.3473711609840393,0.24509917199611664,0.3255265951156616,0.3166230320930481,0.4320278763771057,0.6526288390159607,0.7549008280038834
joe,False,False,False,False,True,False,probable_name,806,11317,3439.0,14.040942928039703,1.0701478199442331,0.2885919511318207,0.7114080488681793,0.4881338894367218,2.440669447183609,0.5480884313583374,1980_1989__to__1990_1999,0.22456479388915188,806,947,1170,2567,3827,11317,0.48138508200645447,0.4631096124649048,0.4519115686416626,0.4930439591407776,0.6698803305625916,0.5186149179935455,0.5368903875350952,0.5480884313583374,0.5069560408592224,0.33011966943740845
hooray,True,False,False,False,False,False,,107,1515,493.8333333333333,14.158878504672897,1.0034292190378882,0.2896518111228943,0.7103481888771057,0.45519150495529176,2.2759575247764587,0.4823128581047058,1980_1989__to__1990_1999,0.21191645839351853,107,131,149,413,648,1515,0.5234338045120239,0.5828489661216736,0.5176871418952942,0.5399929285049438,0.5600796341896057,0.4765661954879761,0.4171510338783264,0.4823128581047058,0.46000707149505615,0.4399203658103943
sock,True,False,False,False,False,False,,179,5375,1228.1666666666667,30.027932960893853,1.5189029882914626,0.29193592071533203,0.708064079284668,0.3922307252883911,1.9611536264419556,0.47584986686706543,1980_1989__to__1990_1999,0.24263773141035425,269,276,179,473,797,5375,0.6410418748855591,0.6423819661140442,0.5241501331329346,0.566936194896698,0.6643362045288086,0.3589581251144409,0.3576180338859558,0.47584986686706543,0.433063805103302,0.3356637954711914
main,True,False,False,False,False,False,,158,26286,5520.0,166.36708860759492,1.694320183851248,0.2920688986778259,0.7079311013221741,0.5001368343830108,2.5006841719150543,0.6054366230964661,1970_1979__to__1980_1989,0.24210839173377713,158,492,769,1939,3476,26286,0.4880885183811188,0.39456337690353394,0.4334107041358948,0.534912109375,0.6483411192893982,0.5119114816188812,0.6054366230964661,0.5665892958641052,0.465087890625,0.3516588807106018
bull,True,False,False,False,False,False,,190,9483,2135.1666666666665,49.910526315789475,1.558388177204141,0.2923661172389984,0.7076338827610016,0.4697552382946014,2.348776191473007,0.5066438615322113,1980_1989__to__1990_1999,0.21570546541280955,255,190,314,862,1707,9483,0.5213648080825806,0.5004134774208069,0.4933561384677887,0.5485583543777466,0.5875310301780701,0.47863519191741943,0.4995865225791931,0.5066438615322113,0.4514416456222534,0.41246896982192993
wa,False,True,False,False,False,False,too_short,266,9569,2235.5,35.973684210526315,1.4814033801457833,0.29274076223373413,0.7072592377662659,0.5420068860054016,2.710034430027008,0.5767748951911926,1990_1999__to__2000_2009,0.21282936069024205,266,329,600,1029,1620,9569,0.4542282521724701,0.4719555377960205,0.44835835695266724,0.4232251048088074,0.49219831824302673,0.5457717478275299,0.5280444622039795,0.5516416430473328,0.5767748951911926,0.5078016817569733
ee,False,True,False,False,False,False,too_short,541,6189,1735.3333333333333,11.439926062846581,1.15720055893278,0.29361122846603394,0.7063887715339661,0.5269654273986817,2.634827136993408,0.5562328398227692,2000_2009__to__2010_2019,0.21110790609872207,681,541,643,1108,1250,6189,0.4503396153450012,0.5002920031547546,0.5003706812858582,0.47040340304374695,0.44376716017723083,0.5496603846549988,0.49970799684524536,0.49962931871414185,0.529596596956253,0.5562328398227692
flows,True,False,False,False,False,False,,200,27727,6271.333333333333,138.635,1.5633071799960603,0.29437917470932007,0.7056208252906799,0.29475477933883665,1.4737738966941833,0.4348987936973572,1980_1989__to__1990_1999,0.2950919368791081,200,335,544,2904,5918,27727,0.7025840282440186,0.7274863123893738,0.5651012063026428,0.7496868371963501,0.7813677191734314,0.29741597175598145,0.2725136876106262,0.4348987936973572,0.2503131628036499,0.2186322808265686
toot,True,False,False,False,False,False,,126,1971,513.1666666666666,15.642857142857142,1.2768110373778863,0.2944995164871216,0.7055004835128784,0.5314570367336273,2.6572851836681366,0.614414393901825,1990_1999__to__2000_2009,0.23121883856428338,126,202,206,227,347,1971,0.53853440284729,0.5208989977836609,0.43622246384620667,0.38558560609817505,0.46147334575653076,0.46146559715270996,0.4791010022163391,0.5637775361537933,0.614414393901825,0.5385266542434692
toe,True,False,False,False,False,False,,194,17186,3866.3333333333335,88.58762886597938,1.5635503327196034,0.29460322856903076,0.7053967714309692,0.4006080687046051,2.0030403435230255,0.5051760971546173,1960_1969__to__1970_1979,0.2522046541838962,194,253,643,1764,3158,17186,0.4948239028453827,0.5918107032775879,0.5275171399116516,0.6460825800895691,0.7367253303527832,0.5051760971546173,0.4081892967224121,0.4724828600883484,0.3539174199104309,0.2632746696472168
oo,False,True,False,False,False,False,too_short,802,29469,6606.166666666667,36.744389027431424,1.554876084723983,0.2948598861694336,0.7051401138305664,0.5066938042640686,2.533469021320343,0.5470391809940338,1990_1999__to__2000_2009,0.21592495364673486,802,1629,1718,1980,4039,29469,0.5238674283027649,0.5442534685134888,0.47940361499786377,0.4529608190059662,0.46604564785957336,0.4761325716972351,0.45574653148651123,0.5205963850021362,0.5470391809940338,0.5339543521404266
court,True,False,False,False,False,False,,147,14898,3351.6666666666665,101.34693877551021,1.567919247238159,0.2959560751914978,0.7040439248085022,0.4431674242019653,2.2158371210098267,0.5517221391201019,1980_1989__to__1990_1999,0.2489903855697953,147,178,393,1597,2897,14898,0.46422892808914185,0.48033902049064636,0.44827786087989807,0.6364704370498657,0.7548466324806213,0.5357710719108582,0.5196609795093536,0.5517221391201019,0.3635295629501343,0.24515336751937866
fa,False,True,False,False,False,False,too_short,333,8318,2172.3333333333335,24.97897897897898,1.3024267929367905,0.29597628116607666,0.7040237188339233,0.4939455032348633,2.4697275161743164,0.598468005657196,1980_1989__to__1990_1999,0.24232147139221308,358,333,516,1258,2251,8318,0.5564165115356445,0.5644345879554749,0.40153199434280396,0.4746960401535034,0.5331933498382568,0.44358348846435547,0.43556541204452515,0.598468005657196,0.5253039598464966,0.46680665016174316
coo,True,False,False,False,False,False,,138,2895,839.8333333333334,20.97826086956522,1.1141012641136872,0.2967187762260437,0.7032812237739563,0.5629600167274476,2.8148000836372375,0.7064447999000549,1990_1999__to__2000_2009,0.25097512395523264,138,301,488,521,696,2895,0.5818915963172913,0.5039076805114746,0.5117976665496826,0.29355520009994507,0.2940477728843689,0.41810840368270874,0.4960923194885254,0.4882023334503174,0.7064447999000549,0.7059522271156311
force,True,False,False,False,False,False,,111,30351,7648.833333333333,273.43243243243245,1.3883112272974087,0.2979697585105896,0.7020302414894104,0.4412277162075043,2.2061385810375214,0.6055278480052948,1970_1979__to__1980_1989,0.2744740757493675,111,529,1529,4006,9367,30351,0.4028829336166382,0.3944721519947052,0.5362594723701477,0.6641397476196289,0.7961071133613586,0.5971170663833618,0.6055278480052948,0.4637405276298523,0.3358602523803711,0.20389288663864136
pipe,True,False,False,False,False,False,,121,19020,3852.3333333333335,157.1900826446281,1.7710988089680857,0.29857903718948364,0.7014209628105164,0.40459067821502687,2.0229533910751343,0.4710392951965332,1980_1989__to__1990_1999,0.23284732968869395,121,188,463,1025,2297,19020,0.5477821826934814,0.557822048664093,0.5289607048034668,0.653383195400238,0.6890984773635864,0.45221781730651855,0.442177951335907,0.4710392951965332,0.34661680459976196,0.3109015226364136
mona,True,False,False,False,False,False,,142,3262,768.6666666666666,22.971830985915492,1.4581599157664609,0.29893022775650024,0.7010697722434998,0.5011861085891723,2.505930542945862,0.5290931165218353,1990_1999__to__2000_2009,0.21113638524867362,165,142,212,368,463,3262,0.48177850246429443,0.5215660333633423,0.5368131399154663,0.4709068834781647,0.4830048978328705,0.5182214975357056,0.4784339666366577,0.4631868600845337,0.5290931165218353,0.5169951021671295
ron,True,False,False,False,False,False,,110,2725,756.5,24.772727272727273,1.1850057743146092,0.29980435967445374,0.7001956403255463,0.49205419421195984,2.460270971059799,0.5545307993888855,1990_1999__to__2000_2009,0.22539419678232148,172,110,453,518,561,2725,0.6037281155586243,0.5610044002532959,0.45720261335372925,0.4454692006111145,0.4723246991634369,0.39627188444137573,0.4389955997467041,0.5427973866462708,0.5545307993888855,0.5276753008365631
tommy,False,False,False,False,True,False,probable_name,117,7464,1637.1666666666667,63.794871794871796,1.6046395158915985,0.300191730260849,0.699808269739151,0.48891664743423463,2.444583237171173,0.5691329538822174,1980_1989__to__1990_1999,0.23281389859353188,117,174,241,849,978,7464,0.6054697632789612,0.5714830160140991,0.4308670461177826,0.4698559641838074,0.47774097323417664,0.3945302367210388,0.4285169839859009,0.5691329538822174,0.5301440358161926,0.5222590267658234
harlem,True,False,False,False,False,False,,149,4724,1197.3333333333333,31.70469798657718,1.353769020937761,0.300912082195282,0.699087917804718,0.47847176194190977,2.392358809709549,0.5559520125389099,1980_1989__to__1990_1999,0.2323865509983458,149,189,223,686,1213,4724,0.5747057199478149,0.4577411115169525,0.4440479874610901,0.48161202669143677,0.6495343446731567,0.42529428005218506,0.5422588884830475,0.5559520125389099,0.5183879733085632,0.35046565532684326
lee,True,False,False,False,False,False,,559,9848,2578.6666666666665,17.617173524150267,1.277017697489681,0.30131766200065613,0.6986823379993439,0.4854437232017517,2.4272186160087585,0.5883320569992065,1980_1989__to__1990_1999,0.24238939711439803,828,559,694,1439,2104,9848,0.4872239828109741,0.5617367625236511,0.41166794300079346,0.4803410768508911,0.6318116188049316,0.5127760171890259,0.4382632374763489,0.5883320569992065,0.5196589231491089,0.36818838119506836
tin,True,False,False,False,False,False,,193,3944,1129.0,20.435233160621763,1.1558313437300802,0.30230793356895447,0.6976920664310455,0.4540413558483124,2.270206779241562,0.5676447451114655,1980_1989__to__1990_1999,0.2500409875884108,193,267,389,781,1200,3944,0.5390936732292175,0.5664393901824951,0.43235525488853455,0.5726720690727234,0.6192328333854675,0.46090632677078247,0.4335606098175049,0.5676447451114655,0.4273279309272766,0.38076716661453247
spanish,True,False,False,False,False,False,,223,7056,1737.6666666666667,31.641255605381165,1.3931566720605857,0.30239808559417725,0.6976019144058228,0.4638363778591156,2.319181889295578,0.5484646856784821,1970_1979__to__1980_1989,0.23649058670644899,223,324,402,860,1561,7056,0.5590870976448059,0.45153531432151794,0.48857712745666504,0.5377911329269409,0.6438274383544922,0.4409129023551941,0.5484646856784821,0.511422872543335,0.4622088670730591,0.3561725616455078
murder,True,False,False,False,False,False,,120,42633,10306.833333333334,355.275,1.45454627407007,0.3024425804615021,0.6975574195384979,0.3986111402511597,1.9930557012557983,0.5255504846572876,1970_1979__to__1980_1989,0.2636908162306478,120,283,1162,6450,11193,42633,0.5527108907699585,0.4744495153427124,0.5563546419143677,0.6402713656425476,0.7831578850746155,0.4472891092300415,0.5255504846572876,0.4436453580856323,0.3597286343574524,0.21684211492538452
split,True,False,False,False,False,False,,134,26065,5934.0,194.51492537313433,1.5506353448198877,0.30319270491600037,0.6968072950839996,0.39951190948486326,1.9975595474243164,0.573875367641449,1970_1979__to__1980_1989,0.2872882404839508,134,287,642,2923,5553,26065,0.5268374681472778,0.426124632358551,0.5258461833000183,0.7306505441665649,0.7929816246032715,0.47316253185272217,0.573875367641449,0.4741538166999817,0.26934945583343506,0.20701837539672852
anna,True,False,False,False,False,False,,100,2225,605.8333333333334,22.25,1.2400654947221774,0.3045337498188019,0.6954662501811981,0.5613636314868927,2.8068181574344635,0.6874611377716064,1980_1989__to__1990_1999,0.2449254277305843,100,123,118,417,652,2225,0.5585830807685852,0.5563869476318359,0.31253886222839355,0.36788108944892883,0.39779186248779297,0.4414169192314148,0.44361305236816406,0.6874611377716064,0.6321189105510712,0.602208137512207
bid,True,False,False,False,False,False,,172,4052,1128.8333333333333,23.558139534883722,1.2210240229403433,0.30498871207237244,0.6950112879276276,0.4472395420074463,2.2361977100372314,0.5511012673377991,1980_1989__to__1990_1999,0.24644568092712318,176,172,242,722,1409,4052,0.5083780288696289,0.5675814151763916,0.4488987326622009,0.5470591187477112,0.6918849945068359,0.4916219711303711,0.4324185848236084,0.5511012673377991,0.4529408812522888,0.30811500549316406
hooked,True,False,False,False,False,False,,123,8271,2102.0,67.2439024390244,1.3463223089235794,0.30511385202407837,0.6948861479759216,0.44544840455055235,2.227242022752762,0.5486346185207367,1960_1969__to__1970_1979,0.24632914291130842,123,333,578,1318,1989,8271,0.4513653814792633,0.548898458480835,0.4936348795890808,0.6580178737640381,0.620841383934021,0.5486346185207367,0.45110154151916504,0.5063651204109192,0.3419821262359619,0.379158616065979
willy,False,False,False,False,True,False,probable_name,103,2911,761.0,28.262135922330096,1.2956755949366587,0.3057848811149597,0.6942151188850403,0.4984961271286011,2.4924806356430054,0.5915598571300507,1990_1999__to__2000_2009,0.23733779459331333,103,182,142,524,704,2911,0.529299259185791,0.6255248785018921,0.46712526679039,0.40844014286994934,0.47712981700897217,0.470700740814209,0.3744751214981079,0.53287473320961,0.5915598571300507,0.5228701829910278
market,True,False,False,False,False,False,,106,6222,1557.6666666666667,58.698113207547166,1.3889443521840934,0.3063327968120575,0.6936672031879425,0.4304074704647064,2.152037352323532,0.5020905435085297,1980_1989__to__1990_1999,0.23330940002803752,106,203,274,735,1806,6222,0.519442081451416,0.5816552639007568,0.49790945649147034,0.6064397692680359,0.6425160765647888,0.480557918548584,0.41834473609924316,0.5020905435085297,0.3935602307319641,0.3574839234352112
fox,True,False,False,False,False,False,,176,5369,1326.1666666666667,30.505681818181817,1.3888854126396424,0.3066646158695221,0.6933353841304779,0.4661007046699524,2.330503523349762,0.5164628624916077,1980_1989__to__1990_1999,0.22160998999446563,176,227,360,593,1232,5369,0.5654702186584473,0.5246496796607971,0.48353713750839233,0.4843739867210388,0.6114654541015625,0.43452978134155273,0.4753503203392029,0.5164628624916077,0.5156260132789612,0.3885345458984375
wee,True,False,False,False,False,False,,504,5486,1687.3333333333333,10.884920634920634,1.0430290901369617,0.3069814145565033,0.6930185854434967,0.5454728782176972,2.7273643910884857,0.6063355505466461,1970_1979__to__1980_1989,0.2223155631597356,504,569,575,1185,1805,5486,0.43843626976013184,0.3936644494533539,0.4323541224002838,0.5119491219520569,0.49623164534568787,0.5615637302398682,0.6063355505466461,0.5676458775997162,0.4880508780479431,0.5037683546543121
lower,True,False,False,False,False,False,,102,8667,2041.6666666666667,84.97058823529412,1.4878101924236562,0.30704420804977417,0.6929557919502258,0.43529841899871824,2.1764920949935913,0.5154197216033936,1960_1969__to__1970_1979,0.23681212662750847,102,144,320,974,2043,8667,0.48458027839660645,0.5519860982894897,0.5068093538284302,0.5956228971481323,0.68450927734375,0.5154197216033936,0.44801390171051025,0.4931906461715698,0.4043771028518677,0.31549072265625
wood,True,False,False,False,False,False,,367,16864,4212.0,45.950953678474114,1.3871634534137913,0.3076987862586975,0.6923012137413025,0.37212246656417847,1.8606123328208923,0.4322161078453064,1960_1969__to__1970_1979,0.23229777650136252,367,623,719,2046,4653,16864,0.5677838921546936,0.5686922073364258,0.5873501300811768,0.6334701776504517,0.7820912599563599,0.4322161078453064,0.4313077926635742,0.41264986991882324,0.36652982234954834,0.21790874004364014
tramp,True,False,False,False,False,False,,121,1327,431.3333333333333,10.96694214876033,0.9882850706518443,0.3084564208984375,0.6915435791015625,0.5262642085552216,2.631321042776108,0.5526514053344727,1970_1979__to__1980_1989,0.2100281175691933,121,122,134,381,503,1327,0.4678620994091034,0.44734859466552734,0.4724767804145813,0.4963226616382599,0.4846688210964203,0.5321379005908966,0.5526514053344727,0.5275232195854187,0.5036773383617401,0.5153311789035797
jam,True,False,False,False,False,False,,101,16037,4588.666666666667,158.78217821782178,1.1688811341048686,0.3094960153102875,0.6905039846897125,0.4663980782032013,2.3319903910160065,0.5434747040271759,1970_1979__to__1980_1989,0.23305186252949942,101,455,2596,4163,4180,16037,0.45924168825149536,0.4565252959728241,0.5088033676147461,0.5855650901794434,0.6578741669654846,0.5407583117485046,0.5434747040271759,0.4911966323852539,0.41443490982055664,0.3421258330345154
beep,True,False,False,False,False,False,,195,9111,2084.1666666666665,46.723076923076924,1.5281371126765437,0.30955591797828674,0.6904440820217133,0.5051379084587098,2.5256895422935486,0.5798881947994232,1980_1989__to__1990_1999,0.22959599154567256,195,289,406,756,1748,9111,0.5375829935073853,0.5239585638046265,0.4201118052005768,0.42712005972862244,0.5655370354652405,0.46241700649261475,0.47604143619537354,0.5798881947994232,0.5728799402713776,0.4344629645347595
jerk,True,False,False,False,False,False,,218,5407,1571.1666666666667,24.80275229357798,1.1515180988542804,0.31011638045310974,0.6898836195468903,0.41949363946914675,2.0974681973457336,0.49826866388320923,1960_1969__to__1970_1979,0.23755719610611942,270,218,514,1137,1881,5407,0.5017313361167908,0.5832592844963074,0.5765433311462402,0.5674871802330017,0.6735106706619263,0.49826866388320923,0.4167407155036926,0.42345666885375977,0.4325128197669983,0.32648932933807373
heartbreak,True,False,False,False,False,False,,223,9220,2080.5,41.34529147982063,1.5431739755087353,0.31078580021858215,0.6892141997814178,0.4860426425933838,2.430213212966919,0.5384551286697388,1970_1979__to__1980_1989,0.22156703197756356,223,285,833,699,1223,9220,0.5663655400276184,0.46154487133026123,0.5035317540168762,0.4705321788787842,0.567812442779541,0.4336344599723816,0.5384551286697388,0.4964682459831238,0.5294678211212158,0.432187557220459
flat,True,False,False,False,False,False,,344,15211,3794.0,44.218023255813954,1.3844304525139992,0.3112863600254059,0.6887136399745941,0.4118064224720001,2.0590321123600006,0.5073219239711761,1970_1979__to__1980_1989,0.2463885438822511,344,444,791,2054,3920,15211,0.5396397113800049,0.49267807602882385,0.5625060796737671,0.5983375310897827,0.7478064894676208,0.4603602886199951,0.5073219239711761,0.4374939203262329,0.4016624689102173,0.25219351053237915
row,True,False,False,False,False,False,,409,14908,3862.3333333333335,36.44987775061125,1.3217663014338248,0.3116607666015625,0.6883392333984375,0.4057597637176514,2.028798818588257,0.46253103017807007,1970_1979__to__1980_1989,0.22798269889565645,409,816,741,2054,4246,14908,0.5480205416679382,0.5374689698219299,0.5602280497550964,0.6238904595375061,0.7015931606292725,0.45197945833206177,0.46253103017807007,0.43977195024490356,0.3761095404624939,0.29840683937072754
gay,True,False,False,False,False,False,,412,18129,4043.1666666666665,44.00242718446602,1.5784823200280529,0.3127199709415436,0.6872800290584564,0.4008017241954803,2.0040086209774017,0.5139075815677643,1980_1989__to__1990_1999,0.256439805791414,568,531,412,1222,3397,18129,0.6656796932220459,0.5190686583518982,0.4860924184322357,0.6399658918380737,0.6851847171783447,0.3343203067779541,0.4809313416481018,0.5139075815677643,0.36003410816192627,0.3148152828216553
pressure,True,False,False,False,False,False,,102,38719,8192.0,379.5980392156863,1.6841946670471841,0.3131656348705292,0.6868343651294708,0.39160789251327516,1.9580394625663757,0.5167129635810852,1960_1969__to__1970_1979,0.26389302843970086,102,296,1144,2914,5977,38719,0.4832870364189148,0.5790270566940308,0.6021769642829895,0.6143154501914978,0.7631540298461914,0.5167129635810852,0.42097294330596924,0.3978230357170105,0.3856845498085022,0.2368459701538086
willie,True,False,False,False,False,False,,203,2665,921.0,13.12807881773399,0.915729449590769,0.3133135437965393,0.6866864562034607,0.5535951375961303,2.767975687980652,0.6471992135047913,1980_1989__to__1990_1999,0.23381679843327988,203,373,307,879,1099,2665,0.5798707008361816,0.4819026291370392,0.35280078649520874,0.40587562322616577,0.4115745723247528,0.42012929916381836,0.5180973708629608,0.6471992135047913,0.5941243767738342,0.5884254276752472
lone,True,False,False,False,False,False,,123,8768,1895.1666666666667,71.28455284552845,1.6363741403354328,0.31416022777557373,0.6858397722244263,0.4700898230075836,2.350449115037918,0.5317711234092712,1990_1999__to__2000_2009,0.22624234662518639,123,215,325,565,1375,8768,0.5076327919960022,0.4947170913219452,0.5817718505859375,0.46822887659072876,0.5972002744674683,0.4923672080039978,0.5052829086780548,0.4182281494140625,0.5317711234092712,0.40279972553253174
cheap,True,False,False,False,False,False,,128,20718,4984.166666666667,161.859375,1.4489763620325842,0.3155094385147095,0.6844905614852905,0.4090967416763306,2.045483708381653,0.5996140837669373,1960_1969__to__1970_1979,0.2931404837447179,128,500,1119,2386,5054,20718,0.40038591623306274,0.547143280506134,0.5379177927970886,0.6967519521713257,0.7723173499107361,0.5996140837669373,0.45285671949386597,0.4620822072029114,0.3032480478286743,0.22768265008926392
hitch,True,False,False,False,False,False,,134,1477,527.6666666666666,11.022388059701493,0.871444273455986,0.31654688715934753,0.6834531128406525,0.46235233545303345,2.3117616772651672,0.5556941628456116,1960_1969__to__1970_1979,0.24037692479745673,522,138,134,293,602,1477,0.4443058371543884,0.5916021466255188,0.5709216594696045,0.5368890762329102,0.5445196032524109,0.5556941628456116,0.4083978533744812,0.4290783405303955,0.46311092376708984,0.4554803967475891
drag,True,False,False,False,False,False,,367,18026,4656.833333333333,49.11716621253406,1.3306496524052174,0.3173351585865021,0.6826648414134979,0.4154187738895416,2.077093869447708,0.616817981004715,1960_1969__to__1970_1979,0.2969620150911738,367,585,1161,2615,5187,18026,0.38318201899528503,0.5210148692131042,0.5861162543296814,0.6729608774185181,0.7596321105957031,0.616817981004715,0.47898513078689575,0.4138837456703186,0.32703912258148193,0.24036788940429688
lisa,False,False,False,False,True,False,probable_name,108,4504,1113.1666666666667,41.7037037037037,1.387258690816512,0.3181200325489044,0.6818799674510956,0.4904965817928314,2.452482908964157,0.540764570236206,1990_1999__to__2000_2009,0.22049677421181543,108,177,284,655,951,4504,0.5248881578445435,0.5473792552947998,0.484587162733078,0.45923542976379395,0.5314270853996277,0.47511184215545654,0.4526207447052002,0.515412837266922,0.540764570236206,0.4685729146003723
wh,False,True,False,False,False,False,too_short,111,2558,633.5,23.045045045045047,1.3889636473855915,0.3192324638366699,0.6807675361633301,0.5031764209270477,2.5158821046352386,0.6295551061630249,1990_1999__to__2000_2009,0.25023235588151693,113,111,126,259,634,2558,0.6631795763969421,0.5105018615722656,0.4823071360588074,0.3704448938369751,0.4576844274997711,0.33682042360305786,0.4894981384277344,0.5176928639411926,0.6295551061630249,0.5423155725002289
grand,True,False,False,False,False,False,,368,18772,4743.0,51.01086956521739,1.3703725959846065,0.3192998766899109,0.6807001233100891,0.4435456097126007,2.2177280485630035,0.527133971452713,1990_1999__to__2000_2009,0.23769098821394,368,574,887,2524,5333,18772,0.5495760440826416,0.5043025612831116,0.5363622903823853,0.472866028547287,0.719165027141571,0.4504239559173584,0.4956974387168884,0.46363770961761475,0.527133971452713,0.28083497285842896
snake,True,False,False,False,False,False,,133,15822,3673.3333333333335,118.9624060150376,1.5061034933612554,0.3193565905094147,0.6806434094905853,0.4260083198547363,2.1300415992736816,0.5765363872051239,1970_1979__to__1980_1989,0.2706690739756988,133,343,703,1832,3207,15822,0.4997503459453583,0.4234636127948761,0.5530065894126892,0.6276687383651733,0.7660691142082214,0.5002496540546417,0.5765363872051239,0.4469934105873108,0.37233126163482666,0.23393088579177856
louie,False,False,False,False,True,True,probable_name|probable_filler,205,5318,1189.0,25.941463414634146,1.558078437622896,0.31965112686157227,0.6803488731384277,0.5607110500335694,2.8035552501678467,0.6489613354206085,1990_1999__to__2000_2009,0.23147799044864756,223,205,307,434,647,5318,0.49338337779045105,0.3936880826950073,0.3938082456588745,0.3510386645793915,0.564526379108429,0.506616622209549,0.6063119173049927,0.6061917543411255,0.6489613354206085,0.43547362089157104
cave,True,False,False,False,False,False,,137,8447,1902.5,61.65693430656934,1.5685706340707832,0.32060661911964417,0.6793933808803558,0.44312294721603396,2.2156147360801697,0.49980461597442627,1980_1989__to__1990_1999,0.22558281809348887,137,151,217,650,1813,8447,0.5153471827507019,0.6074206233024597,0.5001953840255737,0.5031545758247375,0.6582674980163574,0.4846528172492981,0.3925793766975403,0.49980461597442627,0.49684542417526245,0.3417325019836426
sha,True,False,False,False,False,False,,370,4586,1499.1666666666667,12.394594594594595,0.9538374786447783,0.3207607567310333,0.6792392432689667,0.5228864908218384,2.614432454109192,0.6256223320960999,1990_1999__to__2000_2009,0.2392956571177764,370,578,924,969,1568,4586,0.530846357345581,0.5385949015617371,0.5082052946090698,0.37437766790390015,0.43354332447052,0.46915364265441895,0.46140509843826294,0.4917947053909302,0.6256223320960999,0.56645667552948
swallow,True,False,False,False,False,False,,131,22354,5297.666666666667,170.6412213740458,1.4931996554093683,0.32127776741981506,0.6787222325801849,0.3239738464355469,1.6198692321777344,0.44445449113845825,1960_1969__to__1970_1979,0.27437677209347233,131,258,533,2310,6200,22354,0.5555455088615417,0.6701177358627319,0.6156166195869446,0.7195466756820679,0.8193042278289795,0.44445449113845825,0.32988226413726807,0.3843833804130554,0.28045332431793213,0.1806957721710205
louis,False,False,False,False,False,True,probable_filler,154,15484,3026.8333333333335,100.54545454545455,1.848810179766084,0.321664959192276,0.678335040807724,0.4349815666675568,2.174907833337784,0.560093492269516,1990_1999__to__2000_2009,0.2575251620708693,237,154,220,382,1684,15484,0.6063435077667236,0.595065176486969,0.5755093097686768,0.439906507730484,0.6082676649093628,0.39365649223327637,0.404934823513031,0.42449069023132324,0.560093492269516,0.3917323350906372
alley,True,False,False,False,False,False,,393,5953,1707.8333333333333,15.147582697201019,1.1442232215204562,0.32170629501342773,0.6782937049865723,0.4493600606918335,2.2468003034591675,0.503783643245697,1980_1989__to__1990_1999,0.22422270571624595,393,507,538,1116,1740,5953,0.566495954990387,0.5532265901565552,0.496216356754303,0.5200260877609253,0.6172347068786621,0.43350404500961304,0.4467734098434448,0.503783643245697,0.4799739122390747,0.3827652931213379
shit,True,False,False,False,False,False,,137,1013800,195631.5,7400.0,1.8803141594578867,0.32208314538002014,0.6779168546199799,0.3225988268852234,1.612994134426117,0.5609919428825378,1960_1969__to__1970_1979,0.34779540167524026,137,545,2798,51237,105272,1013800,0.43900805711746216,0.617486834526062,0.6430110335350037,0.8567582368850708,0.8307417035102844,0.5609919428825378,0.382513165473938,0.35698896646499634,0.1432417631149292,0.16925829648971558
david,False,False,False,False,True,False,probable_name,120,8913,2069.0,74.275,1.5052827019717414,0.32280993461608887,0.6771900653839111,0.46067488193511963,2.303374409675598,0.5075725317001343,1980_1989__to__1990_1999,0.22036041104217166,120,233,445,841,1862,8913,0.5290089249610901,0.558296799659729,0.4924274682998657,0.558990478515625,0.557901918888092,0.4709910750389099,0.441703200340271,0.5075725317001343,0.441009521484375,0.44209808111190796
square,True,False,False,False,False,False,,365,10996,2924.3333333333335,30.126027397260273,1.2713662094174663,0.32308387756347656,0.6769161224365234,0.4411555290222168,2.205777645111084,0.4967309236526489,1990_1999__to__2000_2009,0.22519537486183624,365,403,1091,1695,2996,10996,0.5687620043754578,0.518665611743927,0.530045211315155,0.5032690763473511,0.6734804511070251,0.43123799562454224,0.481334388256073,0.46995478868484497,0.4967309236526489,0.32651954889297485
ghost,True,False,False,False,False,False,,213,54759,11686.0,257.0845070422535,1.670650764682239,0.3237059712409973,0.6762940287590027,0.4095944404602051,2.0479722023010254,0.4685911536216736,1970_1979__to__1980_1989,0.22880737985368257,213,543,1440,3519,9642,54759,0.5477071404457092,0.5314088463783264,0.602271556854248,0.5883702635765076,0.6822699904441833,0.45229285955429077,0.4685911536216736,0.39772844314575195,0.41162973642349243,0.31773000955581665
fee,True,False,False,False,False,False,,120,7098,1533.6666666666667,59.15,1.6364598344967616,0.32379019260406494,0.6762098073959351,0.4170624494552612,2.085312247276306,0.49960315227508545,1990_1999__to__2000_2009,0.2395819393127496,120,156,228,522,1078,7098,0.6154841780662537,0.5523244142532349,0.5692675113677979,0.5003968477249146,0.6772148013114929,0.38451582193374634,0.44767558574676514,0.43073248863220215,0.49960315227508545,0.3227851986885071
declare,True,False,False,False,False,False,,138,3002,837.6666666666666,21.753623188405797,1.2219134476692395,0.3239932060241699,0.6760067939758301,0.5002148509025574,2.501074254512787,0.5694834291934967,1990_1999__to__2000_2009,0.2276955304969276,138,152,198,434,1102,3002,0.465272456407547,0.5410614013671875,0.5236644744873047,0.4305165708065033,0.5384108424186707,0.534727543592453,0.4589385986328125,0.4763355255126953,0.5694834291934967,0.46158915758132935
slippin,True,False,False,False,False,False,,110,8807,2139.8333333333335,80.06363636363636,1.426556106751261,0.32459819316864014,0.6754018068313599,0.39812800884246824,1.9906400442123413,0.5138214826583862,1960_1969__to__1970_1979,0.258118731285593,110,250,314,1613,1745,8807,0.48617851734161377,0.6163259148597717,0.5697247982025146,0.6044111251831055,0.7327196002006531,0.5138214826583862,0.38367408514022827,0.43027520179748535,0.39558887481689453,0.2672803997993469
box,True,False,False,False,False,False,,291,38466,8977.0,132.18556701030928,1.5051365417692486,0.3247646391391754,0.6752353608608246,0.40705326199531555,2.0352663099765778,0.5256340801715851,1970_1979__to__1980_1989,0.25826304773729303,291,587,1696,3788,9034,38466,0.5360866189002991,0.4743659198284149,0.5738649964332581,0.653322160243988,0.7270939946174622,0.4639133810997009,0.5256340801715851,0.42613500356674194,0.34667783975601196,0.27290600538253784
aw,False,True,False,False,False,False,too_short,361,13564,3154.8333333333335,37.57340720221607,1.4875664654399434,0.32485219836235046,0.6751478016376495,0.532031124830246,2.66015562415123,0.6267665028572083,1960_1969__to__1970_1979,0.23561272023594082,361,637,693,1595,2079,13564,0.37323349714279175,0.48625513911247253,0.3733653128147125,0.4981045424938202,0.6088858842849731,0.6267665028572083,0.5137448608875275,0.6266346871852875,0.5018954575061798,0.39111411571502686
john,False,False,False,False,True,False,probable_name,912,20677,5507.166666666667,22.672149122807017,1.2648517390440097,0.324906587600708,0.675093412399292,0.46816577911376955,2.3408288955688477,0.546765148639679,1970_1979__to__1980_1989,0.23357758000796078,912,1207,1335,3512,5400,20677,0.5626637935638428,0.45323485136032104,0.4739464521408081,0.5518391728401184,0.617486834526062,0.4373362064361572,0.546765148639679,0.5260535478591919,0.4481608271598816,0.382513165473938
monkey,True,False,False,False,False,False,,638,8589,2837.8333333333335,13.462382445141065,0.9822591377022035,0.32524529099464417,0.6747547090053558,0.4645319521427155,2.3226597607135773,0.5281616449356079,1970_1979__to__1980_1989,0.22739518455055333,638,668,997,2566,3569,8589,0.48532262444496155,0.4718383550643921,0.5123507380485535,0.5610098838806152,0.6468186378479004,0.5146773755550385,0.5281616449356079,0.48764926195144653,0.43899011611938477,0.3531813621520996
ol,False,True,False,False,False,False,too_short,708,12799,3735.6666666666665,18.077683615819208,1.1394761873364223,0.3254246115684509,0.6745753884315491,0.39733865261077883,1.986693263053894,0.4768110513687134,1960_1969__to__1970_1979,0.24000234975165297,708,1014,745,2866,4282,12799,0.5231889486312866,0.5974715352058411,0.6048261523246765,0.6117264628410339,0.6760936379432678,0.4768110513687134,0.40252846479415894,0.3951738476753235,0.38827353715896606,0.3239063620567322
charlie,False,False,False,False,True,False,probable_name,299,7020,1714.6666666666667,23.47826086956522,1.3989114070630206,0.32585370540618896,0.674146294593811,0.5831397533416748,2.915698766708374,0.6333968341350555,1990_1999__to__2000_2009,0.21723671915878937,299,378,457,781,1353,7020,0.43624329566955566,0.3917815089225769,0.4399866759777069,0.36660316586494446,0.44968658685684204,0.5637567043304443,0.6082184910774231,0.5600133240222931,0.6333968341350555,0.550313413143158
china,True,False,False,False,False,False,,124,5208,1362.1666666666667,42.0,1.2915699478968066,0.32611358165740967,0.6738864183425903,0.5099500715732574,2.5497503578662872,0.6852006614208221,1960_1969__to__1970_1979,0.2687324503384794,124,256,519,813,1253,5208,0.31479933857917786,0.4502720832824707,0.482183575630188,0.531083345413208,0.6719112992286682,0.6852006614208221,0.5497279167175293,0.517816424369812,0.468916654586792,0.3280887007713318
rescue,True,False,False,False,False,False,,102,7609,2216.0,74.59803921568627,1.18184079784818,0.32651224732398987,0.6734877526760101,0.44166343808174136,2.2083171904087067,0.5779447853565216,1960_1969__to__1970_1979,0.26171275932039356,102,239,662,1553,3131,7609,0.4220552146434784,0.5446024537086487,0.5103271007537842,0.5880644917488098,0.7266335487365723,0.5779447853565216,0.4553975462913513,0.4896728992462158,0.4119355082511902,0.27336645126342773
y'all,True,False,False,False,False,False,,421,183814,42489.333333333336,436.6128266033254,1.5337608541866163,0.32716748118400574,0.6728325188159943,0.3367606043815613,1.6838030219078064,0.42736029624938965,1960_1969__to__1970_1979,0.253806585858942,421,1574,3549,19362,46216,183814,0.5726397037506104,0.6160566806793213,0.6312557458877563,0.7349529266357422,0.7612919211387634,0.42736029624938965,0.3839433193206787,0.36874425411224365,0.2650470733642578,0.23870807886123657
twist,True,False,False,False,False,False,,410,17139,4689.5,41.802439024390246,1.243214536014502,0.32721367478370667,0.6727863252162933,0.400672048330307,2.003360241651535,0.5244854986667633,1960_1969__to__1970_1979,0.26180288884758274,972,410,1067,2981,5568,17139,0.4755145013332367,0.5984435677528381,0.5327416062355042,0.6227328777313232,0.7672072052955627,0.5244854986667633,0.40155643224716187,0.46725839376449585,0.37726712226867676,0.23279279470443726
wo,False,True,False,False,False,False,too_short,424,9650,2327.5,22.75943396226415,1.416105249890551,0.3273153007030487,0.6726846992969513,0.5747556090354919,2.8737780451774597,0.6220578849315643,1990_1999__to__2000_2009,0.2164599614696936,424,717,829,708,1637,9650,0.4867800176143646,0.41080984473228455,0.4489261507987976,0.37794211506843567,0.40176382660865784,0.5132199823856354,0.5891901552677155,0.5510738492012024,0.6220578849315643,0.5982361733913422
waltz,True,False,False,False,False,False,,159,1662,540.6666666666666,10.452830188679245,0.9646988361278541,0.32738369703292847,0.6726163029670715,0.4483058452606201,2.2415292263031006,0.4834686517715454,1960_1969__to__1970_1979,0.2156869721341615,159,168,313,351,591,1662,0.5165313482284546,0.5330049395561218,0.5666091442108154,0.5354329347610474,0.6068924069404602,0.4834686517715454,0.4669950604438782,0.43339085578918457,0.46456706523895264,0.3931075930595398
aww,True,False,False,False,False,False,,147,4699,1126.3333333333333,31.965986394557824,1.4451278590950334,0.32757818698883057,0.6724218130111694,0.46893510222435,2.34467551112175,0.538939505815506,1990_1999__to__2000_2009,0.2298567555549144,147,156,183,551,1022,4699,0.571283757686615,0.5099668502807617,0.5396784543991089,0.461060494184494,0.5733349323272705,0.428716242313385,0.4900331497192383,0.4603215456008911,0.538939505815506,0.4266650676727295
bobby,False,False,False,False,True,False,probable_name,360,8288,2014.8333333333333,23.022222222222222,1.409028436863553,0.3280487060546875,0.6719512939453125,0.57568319439888,2.8784159719944,0.639127790927887,2000_2009__to__2010_2019,0.22204149683238708,364,652,360,767,1658,8288,0.463356614112854,0.3952387571334839,0.4923054873943329,0.40981096029281616,0.36087220907211304,0.536643385887146,0.6047612428665161,0.5076945126056671,0.5901890397071838,0.639127790927887
hip,True,False,False,False,False,False,,301,40522,10566.5,134.62458471760797,1.3347191225687411,0.3280504643917084,0.6719495356082916,0.35861976742744445,1.7930988371372223,0.5184852778911591,1960_1969__to__1970_1979,0.28915599472416614,301,735,2297,6279,13265,40522,0.48151472210884094,0.5739696621894836,0.6594297289848328,0.7407113909721375,0.7512756586074829,0.5184852778911591,0.42603033781051636,0.34057027101516724,0.25928860902786255,0.2487243413925171
maker,True,False,False,False,False,False,,120,7295,1883.8333333333333,60.791666666666664,1.3290639146467613,0.32862594723701477,0.6713740527629852,0.4485780656337738,2.242890328168869,0.5642111897468567,1960_1969__to__1970_1979,0.25155540717297914,120,357,419,1042,2070,7295,0.4357888102531433,0.4979192316532135,0.5534803867340088,0.5735180377960205,0.6964032053947449,0.5642111897468567,0.5020807683467865,0.4465196132659912,0.4264819622039795,0.3035967946052551
pardon,True,False,False,False,False,False,,233,9972,2270.8333333333335,42.798283261802574,1.5421523410294176,0.32962504029273987,0.6703749597072601,0.41354334354400635,2.0677167177200317,0.48336780071258545,1990_1999__to__2000_2009,0.23376887006338617,233,262,341,747,2070,9972,0.6330751180648804,0.5784939527511597,0.5459492206573486,0.5166321992874146,0.658132791519165,0.36692488193511963,0.42150604724884033,0.45405077934265137,0.48336780071258545,0.34186720848083496
rum,True,False,False,False,False,False,,270,9087,2207.8333333333335,33.65555555555556,1.425292623568001,0.33004093170166016,0.6699590682983398,0.38385595083236695,1.9192797541618347,0.46640509366989136,1970_1979__to__1980_1989,0.24301047966484401,270,296,432,972,2190,9087,0.6007775068283081,0.5335949063301086,0.62397700548172,0.6602932214736938,0.6620776057243347,0.3992224931716919,0.46640509366989136,0.37602299451828003,0.33970677852630615,0.3379223942756653
lamb,True,False,False,False,False,False,,233,9594,2486.8333333333335,41.17596566523605,1.3232904947345516,0.3305220603942871,0.6694779396057129,0.3833689332008362,1.916844666004181,0.43976736068725586,1960_1969__to__1970_1979,0.2294225340668771,233,239,646,1534,2675,9594,0.5602326393127441,0.574985146522522,0.6432119011878967,0.6809579133987427,0.6237677335739136,0.43976736068725586,0.425014853477478,0.35678809881210327,0.3190420866012573,0.3762322664260864
motor,True,False,False,False,False,False,,153,4250,1204.3333333333333,27.77777777777778,1.163461743025838,0.3305658996105194,0.6694341003894806,0.39610700607299804,1.9805350303649902,0.4329039454460144,1980_1989__to__1990_1999,0.21857929236739382,153,400,476,734,1213,4250,0.5974314212799072,0.637010395526886,0.5670960545539856,0.605110228061676,0.6128168702125549,0.4025685787200928,0.362989604473114,0.4329039454460144,0.394889771938324,0.38718312978744507
yeh,False,False,False,False,False,True,probable_filler,154,11009,2304.3333333333335,71.48701298701299,1.697019217708769,0.33061936497688293,0.6693806350231171,0.6496625602245331,3.2483128011226654,0.7223862409591675,1990_1999__to__2000_2009,0.2223881396857778,154,275,356,768,1264,11009,0.3573460578918457,0.35715341567993164,0.32757434248924255,0.2776137590408325,0.4319996237754822,0.6426539421081543,0.6428465843200684,0.6724256575107574,0.7223862409591675,0.5680003762245178
gee,True,False,False,False,False,False,,333,3401,1047.5,10.213213213213214,1.0171851148342148,0.3306821584701538,0.6693178415298462,0.4808740973472595,2.4043704867362976,0.5682876110076904,2000_2009__to__2010_2019,0.23635609160179236,462,333,561,869,659,3401,0.6680448651313782,0.5104817152023315,0.5178520679473877,0.4675384759902954,0.43171238899230957,0.3319551348686218,0.48951828479766846,0.4821479320526123,0.5324615240097046,0.5682876110076904
double,True,False,False,False,False,False,,407,61509,13258.666666666666,151.12776412776412,1.645861189959245,0.3308906853199005,0.6691093146800995,0.4458122134208679,2.2290610671043396,0.534805953502655,1980_1989__to__1990_1999,0.23992431674265183,407,843,1734,5152,9907,61509,0.4938138723373413,0.509675920009613,0.46519404649734497,0.6012864112854004,0.7009686827659607,0.5061861276626587,0.49032407999038696,0.534805953502655,0.3987135887145996,0.2990313172340393
pop,True,False,False,False,False,False,,241,118413,24216.666666666668,491.3402489626556,1.7582802718098391,0.33103230595588684,0.6689676940441132,0.3790793776512146,1.895396888256073,0.4777185320854187,1960_1969__to__1970_1979,0.2520414246986343,241,567,1525,6316,18238,118413,0.5222814679145813,0.5480179786682129,0.5316564440727234,0.7065414190292358,0.7961058020591736,0.4777185320854187,0.4519820213317871,0.4683435559272766,0.29345858097076416,0.20389419794082642
flow,True,False,False,False,False,False,,418,125688,26683.166666666668,300.688995215311,1.6797449914966134,0.331298828125,0.668701171875,0.2931157469749451,1.4655787348747253,0.3982388973236084,1980_1989__to__1990_1999,0.27172808109667956,418,1145,1920,10746,20182,125688,0.6505753397941589,0.7001915574073792,0.6017611026763916,0.7939084768295288,0.7879847884178162,0.34942466020584106,0.29980844259262085,0.3982388973236084,0.2060915231704712,0.21201521158218384
ribbon,True,False,False,False,False,False,,101,2006,559.3333333333334,19.861386138613863,1.1930157127865755,0.331508994102478,0.668491005897522,0.39284275770187377,1.964213788509369,0.4240437150001526,1980_1989__to__1990_1999,0.2158847053619133,142,184,101,330,593,2006,0.5911757349967957,0.6214686632156372,0.5759562849998474,0.6294611096382141,0.6177244186401367,0.40882426500320435,0.3785313367843628,0.4240437150001526,0.3705388903617859,0.3822755813598633
famous,True,False,False,False,False,False,,164,25871,5295.333333333333,157.75,1.7519090682396132,0.3324544429779053,0.6675455570220947,0.4211305618286133,2.1056528091430664,0.5123875737190247,1970_1979__to__1980_1989,0.24333905926663668,164,272,506,1328,3631,25871,0.5985888242721558,0.48761242628097534,0.5134875774383545,0.6221600770950317,0.6724982857704163,0.40141117572784424,0.5123875737190247,0.4865124225616455,0.37783992290496826,0.32750171422958374
bomb,True,False,False,False,False,False,,113,25281,6517.5,223.72566371681415,1.346870997596361,0.3334580361843109,0.6665419638156891,0.401200658082962,2.00600329041481,0.5044991672039032,1970_1979__to__1980_1989,0.25149468578368117,113,318,1428,4508,7457,25281,0.5083431005477905,0.4955008327960968,0.5295549035072327,0.6952418684959412,0.7653560042381287,0.4916568994522095,0.5044991672039032,0.47044509649276733,0.30475813150405884,0.23464399576187134
darn,True,False,False,False,False,False,,136,1107,362.3333333333333,8.139705882352942,0.9477085657737333,0.33383670449256897,0.666163295507431,0.4843348741531372,2.421674370765686,0.5662779211997986,1980_1989__to__1990_1999,0.23383735155967836,153,136,170,220,388,1107,0.5029834508895874,0.5581708550453186,0.4337220788002014,0.5071668028831482,0.5762824416160583,0.4970165491104126,0.4418291449546814,0.5662779211997986,0.4928331971168518,0.42371755838394165
mild,True,False,False,False,False,False,,107,2483,665.8333333333334,23.205607476635514,1.265025210819451,0.3338680863380432,0.6661319136619568,0.3460209250450134,1.7301046252250671,0.45475393533706665,1980_1989__to__1990_1999,0.2628476501979805,107,120,157,384,744,2483,0.7643616795539856,0.6928695440292358,0.5452460646629333,0.6597165465354919,0.6077015399932861,0.2356383204460144,0.30713045597076416,0.45475393533706665,0.34028345346450806,0.39229846000671387
maid,True,False,False,False,False,False,,200,2933,849.0,14.665,1.1316739305564008,0.33446645736694336,0.6655335426330566,0.4392176687717438,2.196088343858719,0.5197556912899017,1980_1989__to__1990_1999,0.23667339829173067,324,261,200,463,913,2933,0.6130611300468445,0.6168761253356934,0.48024430871009827,0.5583322048187256,0.5353978872299194,0.3869388699531555,0.38312387466430664,0.5197556912899017,0.4416677951812744,0.46460211277008057
facts,True,False,False,False,False,False,,102,31235,6246.333333333333,306.22549019607845,1.7978483587471896,0.3344666659832001,0.6655333340167999,0.31326247453689576,1.5663123726844788,0.3868507742881775,1980_1989__to__1990_1999,0.24698187988208245,102,213,735,1866,3327,31235,0.6186233758926392,0.6802361607551575,0.6131492257118225,0.7258106470108032,0.7958682179450989,0.38137662410736084,0.31976383924484253,0.3868507742881775,0.2741893529891968,0.20413178205490112
notion,True,False,False,False,False,False,,110,3781,1009.6666666666666,34.372727272727275,1.2633969084857868,0.3347715735435486,0.6652284264564514,0.41040217876434326,2.0520108938217163,0.47210901975631714,1990_1999__to__2000_2009,0.23007140029215417,110,232,314,581,1040,3781,0.5792511105537415,0.6414203643798828,0.6141446828842163,0.5278909802436829,0.5852819681167603,0.42074888944625854,0.3585796356201172,0.3858553171157837,0.47210901975631714,0.41471803188323975
content,True,False,False,False,False,False,,115,7308,1712.5,63.54782608695652,1.4964396151651596,0.3347837030887604,0.6652162969112396,0.4197238326072693,2.0986191630363464,0.5235891938209534,1980_1989__to__1990_1999,0.24949223901272707,130,115,257,754,1711,7308,0.6386569142341614,0.5776845216751099,0.47641080617904663,0.5660873055458069,0.6425412893295288,0.3613430857658386,0.42231547832489014,0.5235891938209534,0.4339126944541931,0.3574587106704712
crack,True,False,False,False,False,False,,156,47836,11518.166666666666,306.64102564102564,1.4628417215006264,0.3351301848888397,0.6648698151111603,0.3577034831047058,1.788517415523529,0.5956764817237854,1970_1979__to__1980_1989,0.3330560141900664,156,357,1623,6018,13119,47836,0.5483641624450684,0.4043235182762146,0.6438086628913879,0.7769420742988586,0.8380441665649414,0.45163583755493164,0.5956764817237854,0.35619133710861206,0.22305792570114136,0.1619558334350586
bill,True,False,False,False,False,False,,658,20358,4973.0,30.939209726443767,1.408690031006928,0.33570045232772827,0.6642995476722717,0.3788260817527771,1.8941304087638855,0.4542083144187927,1970_1979__to__1980_1989,0.2397978050071063,658,815,1024,2526,4457,20358,0.55950528383255,0.5457916855812073,0.5612922310829163,0.6866273283958435,0.7526530623435974,0.44049471616744995,0.4542083144187927,0.43870776891708374,0.3133726716041565,0.2473469376564026
ta,False,True,False,False,False,False,too_short,286,13947,3451.6666666666665,48.76573426573427,1.3962572317419737,0.3358080983161926,0.6641919016838074,0.49095651507377625,2.4547825753688812,0.5721460282802582,1970_1979__to__1980_1989,0.2330740139762812,286,490,497,2159,3331,13947,0.43939483165740967,0.4278539717197418,0.5015465617179871,0.5561578869819641,0.6202641725540161,0.5606051683425903,0.5721460282802582,0.49845343828201294,0.4438421130180359,0.3797358274459839
rabbit,True,False,False,False,False,False,,112,6875,1591.6666666666667,61.38392857142857,1.5086216483864727,0.3360629081726074,0.6639370918273926,0.42943696975708007,2.1471848487854004,0.5257093906402588,1980_1989__to__1990_1999,0.24483657796748948,112,246,275,636,1406,6875,0.6268872022628784,0.5348603129386902,0.4742906093597412,0.548368513584137,0.6684085130691528,0.3731127977371216,0.4651396870613098,0.5257093906402588,0.45163148641586304,0.33159148693084717
where's,True,False,False,False,False,False,,414,21781,5429.166666666667,52.611111111111114,1.3858910152270987,0.33628934621810913,0.6637106537818909,0.38983062505722044,1.9491531252861023,0.5084468722343445,1970_1979__to__1980_1989,0.2608552738306351,414,517,1377,2867,5619,21781,0.5900768637657166,0.4915531277656555,0.5703496336936951,0.6601982116699219,0.7386690378189087,0.40992313623428345,0.5084468722343445,0.42965036630630493,0.3398017883300781,0.2613309621810913
doot,True,False,False,False,False,False,,143,2679,631.3333333333334,18.734265734265733,1.4570065668354042,0.3366105258464813,0.6633894741535187,0.3524420738220215,1.7622103691101074,0.5915994644165039,2000_2009__to__2010_2019,0.3357144384045667,167,143,181,211,407,2679,0.6472018957138062,0.7234034538269043,0.7844867706298828,0.6742969751358032,0.4084005355834961,0.35279810428619385,0.2765965461730957,0.2155132293701172,0.3257030248641968,0.5915994644165039
carnival,True,False,False,False,False,False,,113,2467,726.1666666666666,21.831858407079647,1.1403334522638617,0.33773818612098694,0.6622618138790131,0.5006185948848725,2.503092974424362,0.5942790508270264,1980_1989__to__1990_1999,0.23741788934695607,113,159,217,450,951,2467,0.6060930490493774,0.503706157207489,0.40572094917297363,0.5274136066436768,0.45397326350212097,0.39390695095062256,0.496293842792511,0.5942790508270264,0.47258639335632324,0.546026736497879
circle,True,False,False,False,False,False,,253,23623,5675.666666666667,93.37154150197628,1.4543763591552301,0.3378414511680603,0.6621585488319397,0.39261460304260254,1.9630730152130127,0.51524418592453,1970_1979__to__1980_1989,0.2624681720606408,253,588,949,2675,5966,23623,0.5780811309814453,0.48475581407546997,0.5713264346122742,0.7008195519447327,0.7019440531730652,0.4219188690185547,0.51524418592453,0.42867356538772583,0.29918044805526733,0.2980559468269348
holly,True,False,False,False,False,False,,126,2396,681.1666666666666,19.015873015873016,1.1723057815799969,0.3380261957645416,0.6619738042354584,0.4925489485263824,2.4627447426319122,0.5854861438274384,1960_1969__to__1970_1979,0.23773724239148503,126,185,211,371,798,2396,0.41451385617256165,0.536105215549469,0.49614953994750977,0.5096182227134705,0.5808684229850769,0.5854861438274384,0.463894784450531,0.5038504600524902,0.49038177728652954,0.4191315770149231
fellow,True,False,False,False,False,False,,317,3966,1140.8333333333333,12.511041009463723,1.1387668949278742,0.3381573259830475,0.6618426740169525,0.4352433383464813,2.1762166917324066,0.5077390372753143,1990_1999__to__2000_2009,0.23331272074341175,347,337,317,706,1172,3966,0.5958037972450256,0.5780392289161682,0.548904538154602,0.49226096272468567,0.6087747812271118,0.40419620275497437,0.4219607710838318,0.45109546184539795,0.5077390372753143,0.3912252187728882
lo,False,True,False,False,False,False,too_short,300,19352,4214.833333333333,64.50666666666666,1.6254138668326916,0.33881285786628723,0.6611871421337128,0.5393167674541474,2.6965838372707367,0.6124255955219269,1980_1989__to__1990_1999,0.22711164661647396,300,436,455,1387,3359,19352,0.4862218201160431,0.5011430978775024,0.3875744044780731,0.41498836874961853,0.5134884715080261,0.5137781798839569,0.49885690212249756,0.6124255955219269,0.5850116312503815,0.4865115284919739
cake,True,False,False,False,False,False,,187,31859,6385.5,170.36898395721926,1.7953803054039208,0.3389407992362976,0.6610592007637024,0.3167710304260254,1.583855152130127,0.38644659519195557,1970_1979__to__1980_1989,0.24399112170846146,187,315,498,1504,3950,31859,0.6699753999710083,0.6135534048080444,0.6656297445297241,0.6753191351890564,0.7916671633720398,0.3300246000289917,0.38644659519195557,0.3343702554702759,0.3246808648109436,0.2083328366279602
belle,True,False,False,False,False,False,,101,1740,468.3333333333333,17.22772277227723,1.2334275203802236,0.33931511640548706,0.6606848835945129,0.496764612197876,2.48382306098938,0.5385774374008179,2000_2009__to__2010_2019,0.21683405950272747,101,168,134,257,410,1740,0.5377126336097717,0.5261793732643127,0.492754191160202,0.4981081783771515,0.46142256259918213,0.46228736639022827,0.47382062673568726,0.507245808839798,0.5018918216228485,0.5385774374008179
cowboy,True,False,False,False,False,False,,259,4677,1688.6666666666667,18.057915057915057,0.866024706402219,0.33942481875419617,0.6605751812458038,0.4832818150520325,2.4164090752601624,0.5530356764793396,1960_1969__to__1970_1979,0.22886674369065474,259,761,870,1389,2176,4677,0.4469643235206604,0.5105116963386536,0.560042142868042,0.521775484085083,0.5442972779273987,0.5530356764793396,0.48948830366134644,0.439957857131958,0.478224515914917,0.4557027220726013
guard,True,False,False,False,False,False,,150,13723,3269.1666666666665,91.48666666666666,1.4670056359910273,0.33973050117492676,0.6602694988250732,0.4228464007377625,2.1142320036888123,0.48660385608673096,1960_1969__to__1970_1979,0.23015631928649624,150,294,535,1637,3276,13723,0.513396143913269,0.5338549017906189,0.5346014499664307,0.5670999884605408,0.7368155121803284,0.48660385608673096,0.4661450982093811,0.46539855003356934,0.43290001153945923,0.26318448781967163
america,True,False,False,False,False,False,,237,15416,4219.5,65.0464135021097,1.2290614914045366,0.3399115800857544,0.6600884199142456,0.46303723454475404,2.31518617272377,0.5998705327510834,1960_1969__to__1970_1979,0.25910250321050754,237,892,1688,2607,4477,15416,0.4001294672489166,0.5195128917694092,0.5412821769714355,0.5242707133293152,0.6996185779571533,0.5998705327510834,0.4804871082305908,0.45871782302856445,0.4757292866706848,0.3003814220428467
hoo,True,False,False,False,False,False,,875,16433,5189.0,18.780571428571427,1.0012790610682019,0.3403410017490387,0.6596589982509613,0.4912771821022034,2.456385910511017,0.5833867788314819,1980_1989__to__1990_1999,0.23749801541164045,875,2584,2205,4106,4931,16433,0.5231920480728149,0.5746885538101196,0.41661322116851807,0.4771454930305481,0.5519747734069824,0.47680795192718506,0.42531144618988037,0.5833867788314819,0.5228545069694519,0.4480252265930176
ow,False,True,False,False,False,False,too_short,540,10470,3144.5,19.38888888888889,1.0630645073870204,0.3404501974582672,0.6595498025417328,0.5212153851985931,2.6060769259929657,0.5887261927127838,1990_1999__to__2000_2009,0.22590514763430006,540,1237,1935,2017,2668,10470,0.5438809990882874,0.4950464069843292,0.4727788269519806,0.4112738072872162,0.47094303369522095,0.45611900091171265,0.5049535930156708,0.5272211730480194,0.5887261927127838,0.529056966304779
private,True,False,False,False,False,False,,155,13615,3155.0,87.83870967741936,1.5048622237862002,0.3405366539955139,0.6594633460044861,0.4175718426704407,2.0878592133522034,0.46137475967407227,1970_1979__to__1980_1989,0.22097982312385084,155,258,1045,1226,2631,13615,0.5579222440719604,0.5386252403259277,0.5616629123687744,0.5794494152069092,0.6744809746742249,0.44207775592803955,0.46137475967407227,0.4383370876312256,0.4205505847930908,0.32551902532577515
ra,False,True,False,False,False,False,too_short,199,7478,1729.8333333333333,37.57788944723618,1.513587560958009,0.34082093834877014,0.6591790616512299,0.5447567701339722,2.723783850669861,0.6087435781955719,1980_1989__to__1990_1999,0.2234918817239714,220,199,277,569,1636,7478,0.5272896885871887,0.5134847164154053,0.3912564218044281,0.4518076181411743,0.39237770438194275,0.4727103114128113,0.4865152835845947,0.6087435781955719,0.5481923818588257,0.6076222956180573
sinner,True,False,False,False,False,False,,129,10178,2279.0,78.89922480620154,1.575452047912573,0.3410300612449646,0.6589699387550354,0.3953449487686157,1.9767247438430786,0.43819892406463623,1960_1969__to__1970_1979,0.22167928308152066,129,217,278,864,2008,10178,0.5618010759353638,0.6046719551086426,0.5833947062492371,0.6192510724067688,0.6541564464569092,0.43819892406463623,0.3953280448913574,0.41660529375076294,0.3807489275932312,0.3458435535430908
monster,True,False,False,False,False,False,,186,22754,4848.166666666667,122.33333333333333,1.6720833217928945,0.3411099314689636,0.6588900685310364,0.5303015410900116,2.651507705450058,0.6520669162273407,1970_1979__to__1980_1989,0.24592307044292033,186,280,457,1563,3849,22754,0.39650285243988037,0.3479330837726593,0.41354697942733765,0.5154131054878235,0.6750962734222412,0.6034971475601196,0.6520669162273407,0.5864530205726624,0.4845868945121765,0.3249037265777588
rush,True,False,False,False,False,False,,308,29255,6850.666666666667,94.98376623376623,1.5005856825975914,0.34132060408592224,0.6586793959140778,0.4070064961910248,2.035032480955124,0.6163375079631805,1970_1979__to__1980_1989,0.30286372022617947,308,400,1049,3106,6986,29255,0.5474041104316711,0.38366249203681946,0.5192241072654724,0.7317977547645569,0.7828790545463562,0.45259588956832886,0.6163375079631805,0.4807758927345276,0.2682022452354431,0.2171209454536438
jones,True,False,False,False,False,False,,349,7843,2306.0,22.472779369627506,1.148400219210007,0.34136343002319336,0.6586365699768066,0.4973693132400513,2.4868465662002563,0.5756542086601257,1980_1989__to__1990_1999,0.23147958401779842,349,561,501,1489,3093,7843,0.569244384765625,0.44371140003204346,0.42434579133987427,0.5043032169342041,0.5715486407279968,0.430755615234375,0.5562885999679565,0.5756542086601257,0.4956967830657959,0.4284513592720032
action,True,False,False,False,False,False,,130,25316,6054.0,194.73846153846154,1.4492933372667482,0.3413750231266022,0.6586249768733978,0.35981589555740356,1.7990794777870178,0.5244250893592834,1960_1969__to__1970_1979,0.291496343454687,130,687,1936,2988,5267,25316,0.47557491064071655,0.6215301752090454,0.6469585299491882,0.6840542554855347,0.7728026509284973,0.5244250893592834,0.3784698247909546,0.35304147005081177,0.31594574451446533,0.22719734907150269
jack,False,False,False,False,True,False,probable_name,782,28113,7351.833333333333,35.950127877237854,1.2976455608207367,0.3415162265300751,0.6584837734699249,0.4608583331108093,2.3042916655540466,0.6349429488182068,1960_1969__to__1970_1979,0.2755479952081241,782,1390,1653,5509,6664,28113,0.3650570511817932,0.535317063331604,0.5457377433776855,0.6091980338096619,0.6403984427452087,0.6349429488182068,0.464682936668396,0.45426225662231445,0.39080196619033813,0.35960155725479126
brown,True,False,False,False,False,False,,1134,29119,7803.833333333333,25.678130511463845,1.2624289569524,0.34188729524612427,0.6581127047538757,0.3579524397850037,1.7897621989250183,0.43430399894714355,1970_1979__to__1980_1989,0.2426601697186357,1134,1530,1705,5187,8148,29119,0.6178321838378906,0.5656960010528564,0.5928633809089661,0.6722550392150879,0.7615911960601807,0.3821678161621094,0.43430399894714355,0.40713661909103394,0.3277449607849121,0.23840880393981934
envy,True,False,False,False,False,False,,129,10529,2325.3333333333335,81.62015503875969,1.6057151486371684,0.3425332009792328,0.6574667990207672,0.4274434208869934,2.137217104434967,0.4746888279914856,1990_1999__to__2000_2009,0.22210604014278784,129,132,204,854,2104,10529,0.5891016125679016,0.5508296489715576,0.5358726978302002,0.5253111720085144,0.6616677641868591,0.4108983874320984,0.4491703510284424,0.4641273021697998,0.4746888279914856,0.33833223581314087
cop,True,False,False,False,False,False,,112,35685,7395.333333333333,318.61607142857144,1.7282689919566543,0.3428935706615448,0.6571064293384552,0.4193569362163544,2.096784681081772,0.5360775291919708,1970_1979__to__1980_1989,0.2556664659126554,112,277,474,2507,5317,35685,0.46898436546325684,0.4639224708080292,0.5670183300971985,0.6537529826164246,0.7495371699333191,0.5310156345367432,0.5360775291919708,0.4329816699028015,0.34624701738357544,0.2504628300666809
horn,True,False,False,False,False,False,,324,3665,1185.5,11.311728395061728,0.9889919556269403,0.3431081771850586,0.6568918228149414,0.44353108406066893,2.2176554203033447,0.49514156579971313,1980_1989__to__1990_1999,0.22327254327544926,324,415,412,863,1434,3665,0.5681668519973755,0.582916259765625,0.5048584342002869,0.5109373927116394,0.6154656410217285,0.4318331480026245,0.417083740234375,0.49514156579971313,0.4890626072883606,0.3845343589782715
rag,True,False,False,False,False,False,,177,4197,1185.8333333333333,23.71186440677966,1.1883805163612773,0.34336721897125244,0.6566327810287476,0.5102869689464569,2.5514348447322845,0.5701303780078888,1980_1989__to__1990_1999,0.22345480590460115,177,215,314,866,1346,4197,0.4539457857608795,0.45248451828956604,0.4298696219921112,0.4977021813392639,0.6145630478858948,0.5460542142391205,0.547515481710434,0.5701303780078888,0.5022978186607361,0.3854369521141052
fellas,True,False,False,False,False,False,,299,5428,1747.3333333333333,18.153846153846153,1.0254556455058559,0.34358394145965576,0.6564160585403442,0.3977049946784973,1.9885249733924866,0.44433093070983887,1960_1969__to__1970_1979,0.2234474983493902,299,368,694,1306,2389,5428,0.5556690692901611,0.6169227361679077,0.6477299332618713,0.590696394443512,0.6004568934440613,0.44433093070983887,0.3830772638320923,0.35227006673812866,0.40930360555648804,0.3995431065559387
passin,True,False,False,False,False,False,,172,4760,1162.3333333333333,27.674418604651162,1.4089396683611308,0.34390518069267273,0.6560948193073273,0.3520339488983154,1.7601697444915771,0.44252151250839233,1980_1989__to__1990_1999,0.2514084302910309,172,203,184,646,1009,4760,0.6639662384986877,0.6506551504135132,0.5574784874916077,0.6509677767753601,0.7167626023292542,0.33603376150131226,0.3493448495864868,0.44252151250839233,0.3490322232246399,0.28323739767074585
peter,False,False,False,False,True,False,probable_name,134,8573,1972.8333333333333,63.97761194029851,1.5169803639515749,0.3439936339855194,0.6560063660144806,0.4780062437057495,2.3900312185287476,0.5337392091751099,1990_1999__to__2000_2009,0.22331892781872045,134,216,343,1053,1518,8573,0.5028706192970276,0.569811999797821,0.49927932024002075,0.46626079082489014,0.5717460513114929,0.4971293807029724,0.43018800020217896,0.5007206797599792,0.5337392091751099,0.4282539486885071
jimmy,False,False,False,False,True,False,probable_name,290,8859,2377.5,30.548275862068966,1.2469487949084885,0.34408488869667053,0.6559151113033295,0.5421364545822144,2.7106822729110718,0.6253184974193573,1980_1989__to__1990_1999,0.23068675501677724,290,608,887,1380,2241,8859,0.4688497483730316,0.4832313358783722,0.3746815025806427,0.42672696709632874,0.535828173160553,0.5311502516269684,0.5167686641216278,0.6253184974193573,0.5732730329036713,0.464171826839447
stick,True,False,False,False,False,False,,624,65763,14789.666666666666,105.38942307692308,1.5655247931338934,0.3441128134727478,0.6558871865272522,0.3723453998565674,1.861726999282837,0.463781476020813,1980_1989__to__1990_1999,0.24911357905829806,624,1147,2088,6784,12332,65763,0.5840272903442383,0.5664569735527039,0.536218523979187,0.7275545001029968,0.7240157127380371,0.4159727096557617,0.43354302644729614,0.463781476020813,0.2724454998970032,0.2759842872619629
witness,True,False,False,False,False,False,,194,20156,4687.166666666667,103.89690721649484,1.5127161027212022,0.3442133665084839,0.6557866334915161,0.37977023124694825,1.8988511562347412,0.4900549054145813,1970_1979__to__1980_1989,0.25807968349995275,194,247,573,2338,4615,20156,0.5919682383537292,0.5099450945854187,0.606117308139801,0.5984763503074646,0.7946418523788452,0.40803176164627075,0.4900549054145813,0.393882691860199,0.4015236496925354,0.20535814762115479
ll,False,True,False,False,False,False,too_short,168,9757,2778.5,58.07738095238095,1.2270226434126676,0.3443935215473175,0.6556064784526825,0.4739617109298706,2.369808554649353,0.6278475224971771,1960_1969__to__1970_1979,0.26493596761873284,168,317,575,1649,4205,9757,0.3721524775028229,0.45996716618537903,0.5714858770370483,0.5506995320320129,0.6758863925933838,0.6278475224971771,0.540032833814621,0.42851412296295166,0.44930046796798706,0.3241136074066162
hero,True,False,False,False,False,False,,149,19750,4865.333333333333,132.5503355704698,1.403940771787795,0.34469902515411377,0.6553009748458862,0.40674586296081544,2.033729314804077,0.501556932926178,1970_1979__to__1980_1989,0.24661931618687236,149,638,1357,2422,4876,19750,0.5076010823249817,0.498443067073822,0.5545790791511536,0.6383461356163025,0.7673013210296631,0.4923989176750183,0.501556932926178,0.44542092084884644,0.3616538643836975,0.23269867897033691
lucy,False,False,False,False,True,False,probable_name,210,3869,986.1666666666666,18.423809523809524,1.32293016422523,0.3455248475074768,0.6544751524925232,0.5077723801136017,2.5388619005680084,0.5788651406764984,1980_1989__to__1990_1999,0.22800182260681112,216,311,210,530,781,3869,0.5239590406417847,0.5630210638046265,0.4211348593235016,0.48417437076568604,0.4688487648963928,0.47604095935821533,0.43697893619537354,0.5788651406764984,0.515825629234314,0.5311512351036072
solo,True,False,False,False,False,False,,171,20478,4777.5,119.75438596491227,1.4922485231034026,0.34578973054885864,0.6542102694511414,0.3844732403755188,1.922366201877594,0.4981813430786133,1980_1989__to__1990_1999,0.25915007379553107,171,464,1227,2530,3795,20478,0.6921707391738892,0.6536542773246765,0.5018186569213867,0.5101513862609863,0.7198387384414673,0.30782926082611084,0.3463457226753235,0.4981813430786133,0.48984861373901367,0.2801612615585327
royal,False,False,False,False,False,True,probable_filler,123,6126,1476.6666666666667,49.80487804878049,1.4386969508647747,0.3464036285877228,0.6535963714122772,0.48283788561820984,2.414189428091049,0.5298231244087219,1980_1989__to__1990_1999,0.2194621176962341,123,157,277,815,1362,6126,0.4749186635017395,0.48247620463371277,0.4701768755912781,0.5228253602981567,0.6354134678840637,0.5250813364982605,0.5175237953662872,0.5298231244087219,0.47717463970184326,0.3645865321159363
folk,True,False,False,False,False,False,,190,5992,1477.6666666666667,31.53684210526316,1.4117138902033777,0.3468322455883026,0.6531677544116974,0.4207174062728882,2.103587031364441,0.4834674596786499,1960_1969__to__1970_1979,0.2298300248433555,217,190,221,552,1694,5992,0.5165325403213501,0.5815617442131042,0.5204422473907471,0.6012824177742004,0.6765940189361572,0.4834674596786499,0.41843825578689575,0.47955775260925293,0.39871758222579956,0.3234059810638428
habit,True,False,False,False,False,False,,104,11324,2518.5,108.88461538461539,1.5847961610154035,0.34684863686561584,0.6531513631343842,0.39937357902526854,1.9968678951263428,0.4790732264518738,1970_1979__to__1980_1989,0.2399123285126293,104,206,466,956,2055,11324,0.6440844535827637,0.5209267735481262,0.5330552458763123,0.6333731412887573,0.6716924905776978,0.35591554641723633,0.4790732264518738,0.46694475412368774,0.3666268587112427,0.32830750942230225
bore,True,False,False,False,False,False,,176,5723,1592.6666666666667,32.51704545454545,1.2155248103702694,0.34685850143432617,0.6531414985656738,0.4340391457080841,2.1701957285404205,0.5136910378932953,1960_1969__to__1970_1979,0.2367026306142357,176,295,401,1099,1862,5723,0.4863089621067047,0.5011937022209167,0.535752534866333,0.5981571674346924,0.7083919048309326,0.5136910378932953,0.49880629777908325,0.464247465133667,0.4018428325653076,0.2916080951690674
bo,False,True,False,False,False,False,too_short,110,6379,1714.3333333333333,57.99090909090909,1.2716670050970649,0.3472009599208832,0.6527990400791168,0.5102327585220336,2.5511637926101685,0.6822111308574677,1990_1999__to__2000_2009,0.26741173296422416,235,110,392,1259,1911,6379,0.698704719543457,0.5513790249824524,0.4466630518436432,0.31778886914253235,0.4343005418777466,0.30129528045654297,0.4486209750175476,0.5533369481563568,0.6822111308574677,0.5656994581222534
wreck,True,False,False,False,False,False,,120,12522,3253.3333333333335,104.35,1.3358544278684172,0.3475572168827057,0.6524427831172943,0.4087789714336395,2.0438948571681976,0.6024032533168793,1980_1989__to__1990_1999,0.2947329952928718,120,194,391,3037,3256,12522,0.6223248243331909,0.5364000797271729,0.3975967466831207,0.6391878724098206,0.7605956196784973,0.3776751756668091,0.46359992027282715,0.6024032533168793,0.36081212759017944,0.23940438032150269
lang,True,False,False,False,False,False,,158,1821,594.5,11.525316455696203,1.0159434944502705,0.34785422682762146,0.6521457731723785,0.44746986627578733,2.2373493313789368,0.509672999382019,2000_2009__to__2010_2019,0.22780215509211263,175,158,191,333,889,1821,0.5715591311454773,0.6248407959938049,0.5201481580734253,0.5557755827903748,0.49032700061798096,0.4284408688545227,0.37515920400619507,0.4798518419265747,0.44422441720962524,0.509672999382019
